key	meaning
يُكْرِه|V|IMPF	مجبور کرے
إِكْرَٰهِ|N|VN	مجبور کرنا / جبر
زُّجَاجَةُ|N|	فانوس
وَفَّىٰ|V|PERF	پورا پورا دیا
ٱرْتَابُ|V|PERF	شک میں پڑے
تُقْسِمُ|V|IMPF	قسم کھاؤ
يُمَكِّنَ|V|IMPF	قدرت دے گا / جما دے گا
يَسْتَـْٔذِن|V|IMPF	اجازت لے
يَبْلُغُ|V|IMPF	پہنچیں
عِشَآءِ|N|	عشاء
أَطْفَٰلُ|N|	بچے
صَدِيقِ|N|	دوست
شَأْنِ|N|	کام / شان
قَدِمْ|V|PERF	ہم نے توجہ کی
نُثَبِّتَ|V|IMPF	ہم جمائیں / ہم مضبوط کریں
قُرُونًۢا|N|	قومیں
ظِّلَّ|N|	سایہ
نُحْۦِىَ|V|IMPF	ہم زندہ کریں
حِجْرًا|N|	آڑ / روک
نَسْجُدُ|V|IMPF	ہم سجدہ کریں
عُمْيَانًا|N|	اندھے
غُرْفَةَ|N|	بالا خانہ
ظَلَّتْ|V|PERF	ہو گئی
أَعْنَٰقُ|N|	گردنیں
تَسْتَمِعُ|V|IMPF	تم سنتے ہو
أَجْعَلَ|V|IMPF	میں بناؤں گا / کروں گا
سَّحَرَةَ|N|ACT_PCPL	جادوگروں
حِبَالَ|N|	رسیاں
كُنُوزٍ|N|	خزانے
أَتْبَعُ|V|PERF	انہوں نے پیچھا کیا
أَزْلَفْ|V|PERF	ہم نے قریب کیا
نَظَلُّ|V|IMPF	ہم رہتے ہیں
يَسْقِي|V|IMPF	پانی پلاتا ہے
نُسَوِّي|V|IMPF	ہم برابر ٹھہراتے
تَبْنُ|V|IMPF	تم بناتے ہو
وَعَظْ|V|PERF	تو نے نصیحت کی
ذُّكْرَانَ|N|	مردوں
جِبِلَّةَ|N|	مخلوق
أَسْقِطْ|V|IMPV	گرا دے
ظُّلَّةِ|N|	سائبان
قَرَأَ|V|PERF	پڑھا
سَلَكْ|V|PERF	ہم نے داخل کیا / چلایا
شُّعَرَآءُ|N|	شاعر لوگ
ٱنتَصَرُ|V|PERF	بدلہ لیا
ـَٔاتِي|V|IMPF	میں آؤں گا / لاؤں گا
حُشِرَ|V|PERF	جمع کیا گیا
أُعَذِّبَ|V|IMPF	میں عذاب دوں گا
أَا۟ذْبَحَ|V|IMPF	میں ذبح کروں گا
أُوتِيَتْ|V|PERF	دی گئی
نَنظُرُ|V|IMPF	ہم دیکھیں گے
مُلُوكَ|N|	بادشاہ
أَفْسَدُ|V|PERF	فساد کیا
نَاظِرَةٌۢ|N|ACT_PCPL	دیکھنے والی
تُمِدُّ|V|IMPF	تم مدد دیتے ہو
أَشْكُرُ|V|IMPF	میں شکر کرتا ہوں
تَهْتَدِىٓ|V|IMPF	ہدایت پاتی ہے
صَّرْحَ|N|	محل
كَشَفَتْ|V|PERF	کھول دیا
سَاقَيْ|N|	دونوں پنڈلیاں
نُبَيِّتَ|V|IMPF	ہم رات کو حملہ کریں گے
نَقُولَ|V|IMPF	ہم کہیں گے
بُيُوتُ|N|	گھر
تُنۢبِتُ|V|IMPF	تم اگاؤ
مُخْرَجُونَ|N|PASS_PCPL	نکالے جانے والے
تُحِيطُ|V|IMPF	تم نے احاطہ کیا
يَسْكُنُ|V|IMPF	وہ سکون پائیں
بَلْدَةِ|N|	شہر
نُمَكِّنَ|V|IMPF	ہم قدرت دیں
أَرْضِعِ|V|IMPV	دودھ پلا
رَآدُّو|N|ACT_PCPL	لوٹانے والے
جَاعِلُو|N|ACT_PCPL	بنانے والے
حَزَنًا|N|	غم
قُصِّ|V|IMPV	پیچھے جا
يَسْقُ|V|IMPF	وہ پانی پلاتے
ظِّلِّ|N|	سایہ
سَقَيْ|V|PERF	تو نے پانی پلایا
قَصَّ|V|PERF	بیان کیا
نَجَوْ|V|PERF	تو نجات پا گیا
ٱبْنَتَىَّ|N|	دو بیٹیاں
أَيَّ|N|COND	جو بھی / جونسی
أَجَلَيْنِ|N|	دو مدتیں
نَشُدُّ|V|IMPF	ہم مضبوط کریں گے
عَضُدَ|N|	بازو
أَوْقِدْ|V|IMPV	جلا / آگ دہکا
تَظَٰهَرَ|V|PERF	ایک دوسرے کے مددگار ہوئے
أَتَّبِعْ|V|IMPF	میں پیروی کروں
يُؤْتَ|V|IMPF	دیے جائیں گے
لَّغْوَ|N|	لغو بات
غَوَيْ|V|PERF	ہم بہکے
تَبَرَّأْ|V|PERF	ہم بےزار ہوئے
أَجَبْ|V|PERF	تم نے جواب دیا
عَمِيَتْ|V|PERF	اندھی ہو گئی
أَنۢبَآءُ|N|	خبریں
ضِيَآءٍ|N|	روشنی
بَغَىٰ|V|PERF	زیادتی کی
كُنُوزِ|N|	خزانے
عُصْبَةِ|N|	جماعت
فَرِحِينَ|N|	خوش ہونے والے / اترانے والے
أَحْسِن|V|IMPV	احسان کر
تَمَنَّ|V|PERF	انہوں نے تمنا کی
رَآدُّ|N|ACT_PCPL	لوٹانے والا
يُتْرَكُ|V|IMPF	وہ چھوڑ دیے جائیں
نُكَفِّرَ|V|IMPF	ہم دور کر دیں گے
نُدْخِلَ|V|IMPF	ہم داخل کریں گے
نَحْمِلْ|V|IMPF	ہم اٹھائیں
ٱرْجُ|V|IMPV	امید رکھو
مَّسَٰكِنِ|N|	گھروں
بَيْتُ|N|	گھر
عَٰلِمُونَ|N|ACT_PCPL	جاننے والے
تَصْنَعُ|V|IMPF	تم کرتے ہو
ٱرْتَابَ|V|PERF	شک میں پڑا
يَكْفِ|V|IMPF	کافی ہو
رَكِبُ|V|PERF	وہ سوار ہوئے
يُتَخَطَّفُ|V|IMPF	اچک لیا جاتا ہے
نَهْدِيَ|V|IMPF	ہم ہدایت دیں گے
أَثَارُ|V|PERF	انہوں نے ہل چلایا / کھودا
يَتَفَرَّقُ|V|IMPF	جدا جدا ہوں گے
تُظْهِرُ|V|IMPF	تم ظہر کرتے ہو
ٱبْتِغَآؤُ|N|VN	تلاش کرنا
يَقْنَطُ|V|IMPF	مایوس ہوتے ہیں
فَسَادُ|N|	فساد
قَيِّمِ|N|	درست / سیدھا
رِّيَاحَ|N|	ہوائیں
مُبْلِسِينَ|N|ACT_PCPL	مایوس ہونے والے
أُذُنَيْ|N|	دونوں کان
شِّرْكَ|N|	شرک
ٱنْهَ|V|IMPV	روک / منع کر
أَصْوَٰتِ|N|	آوازیں
نِعَمَ|N|	نعمتیں
نَضْطَرُّ|V|IMPF	ہم مجبور کریں گے / کھینچ لے جائیں گے
نَفَخَ|V|PERF	پھونکا
أَبْصَرْ|V|PERF	ہم نے دیکھ لیا
ٱرْجِعْ|V|IMPV	لوٹا دے
سَبَّحُ|V|PERF	انہوں نے تسبیح کی
لِّقَآئِ|N|VN	ملاقات
ٱنتَظِرْ|V|IMPV	انتظار کر
أَدْعِيَآءَ|N|	منہ بولے بیٹے
مَوَٰلِي|N|	دوست / رفیق
يَسْـَٔلَ|V|IMPF	سوال کرے
بَلَغَتِ|V|PERF	پہنچ گئی
عَوْرَةٍ|N|	غیر محفوظ
سُئِلُ|V|PERF	سوال کیے گئے
فِرَارُ|N|	بھاگنا / فرار
قَآئِلِينَ|N|ACT_PCPL	کہنے والے
أَلْسِنَةٍ|N|	زبانیں
تَسْلِيمًا|N|VN	سپردگی / فرمانبرداری
رَدَّ|V|PERF	لوٹا دیا
أَرْضًا|N|	زمین
تَعْمَلْ|V|IMPF	عمل کرے گی
نُّؤْتِ|V|IMPF	ہم دیں گے
ٱتَّقَيْ|V|PERF	تم نے تقوی اختیار کیا
يَطْمَعَ|V|IMPF	طمع کرے
قَرْ|V|IMPV	ٹکی رہو
ءَاتِي|V|IMPV	دو / ادا کرو
مُسْلِمَٰتِ|N|ACT_PCPL	مسلمان عورتیں
صَّٰبِرَٰتِ|N|ACT_PCPL	صبر کرنے والیاں
خَٰشِعَٰتِ|N|ACT_PCPL	عاجزی کرنے والیاں
حَٰفِظَٰتِ|N|ACT_PCPL	حفاظت کرنے والیاں
تُخْفِى|V|IMPF	تو چھپاتا ہے
أَدْعِيَآئِ|N|	منہ بولے بیٹے
قَضَ|V|PERF	پوری کر چکے
يُبَلِّغُ|V|IMPF	پہنچاتے ہیں
دَاعِيًا|N|ACT_PCPL	بلانے والا
نَكَحْ|V|PERF	تم نے نکاح کیا
أَحْلَلْ|V|PERF	ہم نے حلال کیا
هَاجَرْ|V|PERF	ہجرت کی
ٱمْرَأَةً|N|	عورت
تُـْٔوِىٓ|V|IMPF	تو جگہ دے
ٱبْتَغَيْ|V|PERF	تو نے چاہا
يَحْزَ|V|IMPF	وہ غمگین ہوں
يَرْضَيْ|V|IMPF	وہ راضی ہوں
دُعِي|V|PERF	تم بلائے گئے
ٱتَّقِي|V|IMPV	ڈرو
ٱحْتَمَلُ|V|PERF	انہوں نے اٹھایا
نِسَآءِ|N|	عورتوں
يُدْنِي|V|IMPF	لٹکا لیں / قریب کر لیں
يُعْرَفْ|V|IMPF	وہ پہچانی جائیں
يُؤْذَيْ|V|IMPF	وہ ستائی جائیں
رَّسُولَا۠|N|	رسول
بَرَّأَ|V|PERF	بری کر دیا
أَبَيْ|V|PERF	انہوں نے انکار کیا
يَحْمِلْ|V|IMPF	وہ اٹھائیں
فْتَرَىٰ|V|PERF	گھڑ لیا
قَدِّرْ|V|IMPV	اندازہ رکھ
جَوَابِ|N|	حوضوں
مَسْكَنِ|N|	گھر / رہنے کی جگہ
جَنَّتَيْ|N|	دو باغ
قُرَى|N|	بستیاں
أَسْفَارِ|N|	سفروں
صَدَدْ|V|PERF	ہم نے روکا
يُخْلِفُ|V|IMPF	بدلہ دیتا ہے
يَقْذِفُ|V|IMPF	وہ پھینکتے ہیں
حِيلَ|V|PERF	حائل کر دیا گیا
يَرْفَعُ|V|IMPF	بلند کرتا ہے
بَحْرَانِ|N|	دو سمندر
شِرْكِ|N|	شرک
ظِّلُّ|N|	سایہ
أَحْيَآءُ|N|	زندہ
أَمْوَٰتُ|N|	مردے
حَزَنَ|N|	غم
نُعَمِّرْ|V|IMPF	ہم نے عمر دی
أُمَمِ|N|	امتیں
يُعْجِزَ|V|IMPF	عاجز کرے
أَغْشَيْ|V|PERF	ہم نے ڈھانپ دیا
مَغْفِرَةٍ|N|	بخشش
أَجْرٍ|N|	اجر
ثَالِثٍ|N|	تیسرا
تَكْذِبُ|V|IMPF	تم جھوٹ بولتے ہو
يُنقِذُ|V|IMPF	وہ بچائیں
حَسْرَةً|N|	حسرت / افسوس
عُيُونِ|N|	چشمے
يَرْكَبُ|V|IMPF	وہ سوار ہوتے ہیں
يُنقَذُ|V|IMPF	وہ بچائے جائیں
ٱسْتَبَقُ|V|PERF	وہ دوڑے
نُّعَمِّرْ|V|IMPF	ہم عمر دیں
يَحِقَّ|V|IMPF	ثابت ہو جائے
تُوقِدُ|V|IMPF	تم جلاتے ہو
كَوَاكِبِ|N|	ستارے
يُقْذَفُ|V|IMPF	وہ پھینکے جاتے ہیں
ٱحْشُرُ|V|IMPV	اکٹھا کرو
ٱهْدُ|V|IMPV	راہ دکھاؤ
تَارِكُوٓا۟|N|ACT_PCPL	چھوڑنے والے
شَاعِرٍ|N|	شاعر
مُصَدِّقِينَ|N|ACT_PCPL	تصدیق کرنے والے
ٱطَّلَعَ|V|PERF	جھانکا
مُجِيبُونَ|N|ACT_PCPL	جواب دینے والے
سَّعْىَ|N|	دوڑ دھوپ
أَذْبَحُ|V|IMPF	میں ذبح کرتا ہوں
أَسْلَمَ|V|PERF	دونوں نے سر جھکا دیا
ظَالِمٌ|N|ACT_PCPL	ظالم
تَمُرُّ|V|IMPF	تم گزرتے ہو
جِنَّةُ|N|	جن
مَنصُورُونَ|N|PASS_PCPL	مدد کیے ہوئے
ءَالِهَةَ|N|	معبودوں
مِلَّةِ|N|	ملت / طریقہ
أَسْبَٰبِ|N|	اسباب / رسیاں
خَصْمِ|N|	جھگڑنے والے
تِسْعُونَ|N|	نوے
نَعْجَتِ|N|	دنبی
أَنَابَ|V|PERF	رجوع کیا
غَفَرْ|V|PERF	ہم نے بخش دیا
يَضِلُّ|V|IMPF	بھٹکتے ہیں
حِجَابِ|N|	پردہ
ٱمْنُنْ|V|IMPV	احسان کر
رِجْلِ|N|	پاؤں
خَالِصَةٍ|N|ACT_PCPL	خالص صفت
أَشْرَارِ|N|	برے لوگ
سْتَكْبَرْ|V|PERF	تو نے تکبر کیا
عِزَّتِ|N|	عزت / غلبہ
ٱعْبُدِ|V|IMPV	عبادت کر
أَنَابُ|V|PERF	انہوں نے رجوع کیا
رَجُلًا|N|	ایک شخص
يُخَوِّفُ|V|IMPF	ڈراتے ہیں
ضُرِّ|N|	تکلیف
تَقْنَطُ|V|IMPF	مایوس ہو
أَنِيبُ|V|IMPV	رجوع کرو
يُنَجِّى|V|IMPF	بچا لے گا
يَحْبَطَ|V|IMPF	ضائع ہو جائے گا
قَبْضَتُ|N|	مٹھی
فُتِحَتْ|V|PERF	کھول دیے گئے
ذَّنۢبِ|N|	گناہ
يَغْرُرْ|V|IMPF	دھوکے میں ڈالے
هَمَّتْ|V|PERF	ارادہ کیا
وَسِعْ|V|PERF	تو نے گھیر لیا
مَقْتُ|N|	بیزاری / ناراضگی
مَّقْتِ|N|	بیزاری / ناراضگی
أَمَ|V|PERF	تو نے موت دی
صُّدُورُ|N|	سینے
ٱسْتَحْيُ|V|IMPV	زندہ چھوڑو
أُرِي|V|IMPF	میں دکھاتا ہوں
زِلْ|V|PERF	تم رہے
أَسْبَٰبَ|N|	راستے
أَطَّلِعَ|V|IMPF	میں جھانکوں
صُدَّ|V|PERF	روک دیا گیا
أَكْفُرَ|V|IMPF	میں کفر کروں
أَدْخِلُ|V|IMPV	داخل کرو
نَنصُرُ|V|IMPF	ہم مدد کرتے ہیں
يُصْرَفُ|V|IMPF	وہ پھیرے جاتے ہیں
سَّلَٰسِلُ|N|	زنجیریں
تُنكِرُ|V|IMPF	تم انکار کرتے ہو
ٱعْمَلْ|V|IMPV	عمل کر
بَٰرَكَ|V|PERF	برکت رکھی
ٱئْتِيَ|V|IMPV	دونوں آؤ
شَهِد|V|PERF	تم نے گواہی دی
أَنطَقَ|V|PERF	بلوایا
يَصْبِرُ|V|IMPF	وہ صبر کریں
قَيَّضْ|V|PERF	ہم نے مقرر کیے
تَغْلِبُ|V|IMPF	تم غالب آؤ
نَجْعَلْ|V|IMPF	ہم کر دیں
سَّيِّئَةُ|N|	برائی
نَّهَارُ|N|	دن
تَسْجُدُ|V|IMPF	تم سجدہ کرو
يَسْـَٔمُ|V|IMPF	تھکتے ہیں
مَوْتَىٰٓ|N|	مردے
يَخْفَ|V|IMPF	چھپ جاتے ہیں
رُّجِعْ|V|PERF	میں لوٹایا گیا
نُنَبِّئَ|V|IMPF	ہم خبر دیں گے
يَذْرَؤُ|V|IMPF	پھیلاتا ہے
تَتَفَرَّقُ|V|IMPF	تم تفرقہ کرو
أُورِثُ|V|PERF	وارث بنائے گئے
أَعْدِلَ|V|IMPF	میں عدل کروں
يُمَارُ|V|IMPF	وہ جھگڑتے ہیں
شَرَعُ|V|PERF	انہوں نے مقرر کیا
بَغَ|V|PERF	انہوں نے سرکشی کی
قَنَطُ|V|PERF	وہ مایوس ہو گئے
يَنشُرُ|V|IMPF	پھیلاتا ہے
يَظْلَلْ|V|IMPF	وہ رہ جائیں
غَضِبُ|V|PERF	وہ غضبناک ہوئے
بَغْىُ|N|	زیادتی
ذُّكُورَ|N|	لڑکے
يُزَوِّجُ|V|IMPF	ملا دیتا ہے
يُكَلِّمَ|V|IMPF	کلام کرے
يُوحِىَ|V|IMPF	وحی کرے
تَسْتَوُ|V|IMPF	تم چڑھ بیٹھو
تُكْتَبُ|V|IMPF	لکھی جائے گی
قَرْيَتَيْنِ|N|	دو بستیاں
زُخْرُفًا|N|	سونا
ظَّلَمْ|V|PERF	تم نے ظلم کیا
تُكْرِهُ|V|IMPF	تم مجبور کرو
يَصْرِفُ|V|IMPF	پھیر دیتا ہے
يَحْذَرِ|V|IMPF	ڈرے
أَحَط|V|PERF	میں نے احاطہ کیا
تَسْتَغْفِرُ|V|IMPF	تم بخشش مانگتے ہو
نُرِىَ|V|IMPF	ہم دکھائیں
ٱسْتَوَىٰٓ|V|PERF	پورا ہو گیا / جوان ہوا
يَرْبُوَا۟|V|IMPF	وہ بڑھے
خَشِىَ|V|PERF	ڈرا
ذُكِّرْ|V|PERF	تم نصیحت کیے گئے
يَعْمَلِ|V|IMPF	عمل کرے
يَبْغِى|V|IMPF	زیادتی کرتا ہے
أَهْدِي|V|IMPF	میں راہ دکھاتا ہوں
تَهْدِىٓ|V|IMPF	تو ہدایت دیتا ہے
أُمَّهَٰتُ|N|	مائیں
دَخَلْ|V|PERF	تم داخل ہوئے
بَدَّلْ|V|PERF	ہم نے بدل دیا
يَذُوقُ|V|IMPF	وہ چکھیں
تَحْكُمُ|V|IMPF	تم فیصلہ کرتے ہو / کرو
نُهُ|V|PERF	وہ روکے گئے
رُءُوسِ|N|	سر
يُصِيبَ|V|IMPF	پہنچے
غَٰلِبُونَ|N|ACT_PCPL	غالب آنے والے
يَنْهَىٰ|V|IMPF	روکتا ہے
أَلْقَيْ|V|PERF	ڈال دیا
أَرْجُلِ|N|	پاؤں
أُمُّ|N|	ماں
رُّسُلَ|N|	رسول
يَعْدِلُ|V|IMPF	وہ برابر ٹھہراتے / انصاف کرتے ہیں
فَرِحُ|V|PERF	وہ خوش ہوئے
أَشْرَكْ|V|PERF	شریک ٹھہرایا
يُوسُفَ|N|PN	یوسف
فَصَّلْ|V|PERF	ہم نے کھول کھول کر بیان کیا
أَحْيَيْ|V|PERF	زندہ کیا
يَحْكُمُ|V|IMPF	فیصلہ کرتے ہیں / کرے گا
ٱنتَظِرُ|V|IMPV	انتظار کرو
سَّٰجِدِينَ|N|ACT_PCPL	سجدہ کرنے والے
تَعُودُ|V|IMPF	تم لوٹو گے
ٱسْتُضْعِفُ|V|PERF	کمزور سمجھے گئے
أَمْطَرْ|V|PERF	ہم نے برسایا
نَجَّىٰ|V|PERF	بچا لیا
أَوْرَثْ|V|PERF	ہم نے وارث بنایا
أَدْخِلْ|V|IMPV	داخل کر
يَهْدُ|V|IMPF	ہدایت دیتے ہیں
سْـَٔلْ|V|IMPV	پوچھ
دَعَوْ|V|PERF	پکارا / بلایا
شُرَكَآءَ|N|	شریک
يُنَزِّلُ|V|IMPF	اتارتا ہے
تَوَلَّ|V|IMPF	تم منہ موڑو / دوستی کرو
يَضْرِبُ|V|IMPF	مارتے ہیں / بیان کرتا ہے
عَٰهَد|V|PERF	تم نے عہد کیا
يَغْلِبُ|V|IMPF	وہ غالب آئیں
يَظْهَرُ|V|IMPF	وہ غالب آئیں / چڑھیں
تَرَبَّصُ|V|IMPV	انتظار کرو
عَادٍ|N|PN	عاد
مُهَٰجِرِينَ|N|ACT_PCPL	ہجرت کرنے والے
كُفَّارِ|N|	کافر
تَسْكُنُ|V|IMPF	تم سکون پاؤ
بَشَّرْ|V|PERF	بشارت دی
ٱعْبُدْ|V|IMPV	عبادت کر
تَصِفُ|V|IMPF	تم بیان کرتے ہو / بیان کرتی ہیں
عِلْمًا|N|	علم
أَمْثَالَ|N|	مثالیں
حِسَابُ|N|VN	حساب
وَعِيدِ|N|	وعید
ٱسْتَجَبْ|V|PERF	قبول کیا / لبیک کہا
قَدَّرْ|V|PERF	ہم نے مقدر کیا
شُرَكَآءِ|N|	شریک
يَشَآءُ|V|IMPF	وہ چاہتے ہیں
مَبْعُوثُونَ|N|PASS_PCPL	اٹھائے جانے والے
بَشَرِ|N|	انسان
رِّيحَ|N|	ہوا
مِتْ|V|PERF	ہم مر گئے
فِرْعَوْنَ|N|PN	فرعون
كُفْرُ|N|	کفر
وَقَىٰ|V|PERF	بچا لیا
قَامُ|V|PERF	وہ کھڑے ہوئے
يَنقُضُ|V|IMPF	وہ توڑتے ہیں
ٱهْبِطُ|V|IMPV	اتر جاؤ
تَنظُرُ|V|IMPF	تم دیکھتے ہو
غَضَبٍ|N|	غضب
نَّٰظِرِينَ|N|ACT_PCPL	دیکھنے والے
ٱضْرِبُ|V|IMPV	مارو
يُسِرُّ|V|IMPF	وہ چھپاتے ہیں
ٱسْتَكْبَرْ|V|PERF	تم نے تکبر کیا
لَّعَنَ|V|PERF	لعنت کی
عَٰهَدُ|V|PERF	انہوں نے عہد کیا
يَرُدُّ|V|IMPF	وہ لوٹاتے ہیں
ٱعْفُ|V|IMPV	معاف کرو
تُقَدِّمُ|V|IMPF	تم آگے بھیجو
بَيَّ|V|PERF	ہم نے بیان کیا
بَيْتَ|N|	گھر
بَنِي|N|	بیٹے
بَنِىَّ|N|	بیٹے
تَرْضَىٰ|V|IMPF	تو راضی ہو
خَوْفِ|N|	خوف
مَشْرِقِ|N|	مشرق
ضَّرَّآءِ|N|	تکلیف
أَقْرَبِينَ|N|	قریبی رشتہ دار
ٱبْتَغُ|V|IMPV	تلاش کرو
أَخْرِجُ|V|IMPV	نکالو
رُءُوسَ|N|	سر
فَسَادَ|N|	فساد
ٱسْتَطَٰعُ|V|PERF	وہ استطاعت رکھیں
لَّغْوِ|N|	لغو
ٱحْذَرُ|V|IMPV	بچو
فَرَضْ|V|PERF	مقرر کیا / فرض کیا
أَبْنَآئِ|N|	بیٹے
نَتْلُو|V|IMPF	ہم پڑھتے ہیں
ٱعْلَمْ|V|IMPV	جان لے
تُؤْتُ|V|IMPF	تم دو
تَرْضَ|V|IMPF	تم پسند کرتے ہو / راضی ہو
كُتُبِ|N|	کتابیں
يَوْمٍ|N|	دن
مِيعَادَ|N|	وعدہ
حَىَّ|N|	زندہ
بَطْنِ|N|	پیٹ
سَمَّيْ|V|PERF	نام رکھا
أَنصَارِ|N|	مددگار
دُمْ|V|PERF	رہا
بَشَرٍ|N|	انسان
أَحَدِ|N|	ایک
دَخَلَ|V|PERF	داخل ہوا
يُوَلُّ|V|IMPF	وہ پھیریں
صُدُورُ|N|	سینے
نَصَرَ|V|PERF	مدد کی
عَٰمِلِينَ|N|ACT_PCPL	عمل کرنے والے
رُّعْبَ|N|	رعب
أَصَٰبَ|V|PERF	پہنچا
جَمْعَانِ|N|	دو جماعتیں
ضَرَبُ|V|PERF	بیان کیا / سفر کیا
ٱسْتَجَابُ|V|PERF	لبیک کہا / جواب دیا
رَسُولٍ|N|	رسول
تَسْمَعُ|V|IMPF	تم سنتے ہو / سنو گے
أُخْرِجُ|V|PERF	وہ نکالے گئے
تَعْدِلُ|V|IMPF	تم عدل کرو
ءَانَسْ|V|PERF	پایا / محسوس کیا
ـَٔاتُ|V|IMPV	دو
مُحْصَنَٰتِ|N|PASS_PCPL	پاک دامن عورتیں
أَلْسِنَتِ|N|	زبانیں
وَجَدُ|V|PERF	انہوں نے پایا
ٱنفِرُ|V|IMPV	نکلو
أَخَّرْ|V|PERF	مہلت دی / ٹال دیا
يَصِلُ|V|IMPF	وہ پہنچتے / ملتے / جوڑتے ہیں
سَّلَمَ|N|	صلح
رُدُّ|V|PERF	وہ لوٹائے گئے
قَٰعِدِينَ|N|ACT_PCPL	بیٹھنے والے
نَّجْوَىٰ|N|	سرگوشی
عِزَّةَ|N|	عزت
أَرْجُلَ|N|	پاؤں
يَدَا|N|	دو ہاتھ
يَزِيدَ|V|IMPF	بڑھائے گا
كُفْرًا|N|	کفر
أَضَلُّ|V|PERF	انہوں نے گمراہ کیا
يَصُدَّ|V|IMPF	روکے
تَكْسِبُ|V|IMPF	تم کماتے ہو
ضُرٍّ|N|	تکلیف
تَزْعُمُ|V|IMPF	تم گمان کرتے ہو
أَنجَىٰ|V|PERF	نجات دی
لَّسْ|V|PERF	نہیں
تُؤْفَكُ|V|IMPF	تم پھیرے جاتے ہو
جَنَّٰتٍ|N|	باغات
صَدْرَ|N|	سینہ
شَهِدْ|V|PERF	ہم نے گواہی دی
فَوَٰحِشَ|N|	بےحیائی کے کام
أَمْلَأَ|V|IMPF	میں بھروں گا
نَزَعْ|V|PERF	ہم نے کھینچ لیا
نَادَ|V|PERF	انہوں نے پکارا
تَعِدُ|V|IMPF	تو وعدہ کرتا / دھمکی دیتا ہے
نُخْرِجَ|V|IMPF	ہم نکالیں گے
مِلَّتِ|N|	ملت
فِرْعَوْنُ|N|PN	فرعون
غَٰلِبِينَ|N|ACT_PCPL	غالب آنے والے
ءَالِهَتَ|N|	معبود
أْمُرْ|V|IMPV	حکم دے
رَأْسِ|N|	سر
قَطَّعْ|V|PERF	ٹکڑے کیے / کاٹ ڈالے
ءَاتَىٰ|V|IMPF	دیا / دے
أَصْلِحُ|V|IMPV	اصلاح کرو
زَادَتْ|V|PERF	بڑھا دیا
لَقِي|V|PERF	ملے / پایا
أَيَّدَ|V|PERF	تائید کی
يُؤْذُ|V|IMPF	وہ ایذا دیتے ہیں
مُؤْمِنَٰتُ|N|ACT_PCPL	مومن عورتیں
نَجْوَىٰ|N|	سرگوشی
كَرِهُ|V|PERF	انہوں نے ناپسند کیا
ءَاخَرُونَ|N|	دوسرے
يَجْزِيَ|V|IMPF	وہ جزا دے
حِسَابَ|N|VN	حساب
لِقَآءَ|N|VN	ملاقات
نَعِدُ|V|IMPF	ہم وعدہ کرتے / ڈراتے ہیں
تَفْتَرُ|V|IMPF	تم گھڑتے ہو
نُّذُرُ|N|	ڈرانے والے / ڈراوے
صَنَعُ|V|PERF	انہوں نے کیا / بنایا
مَوْعِدُ|N|	وعدے کی جگہ / مقرر وقت
نُوحُ|N|PN	نوح
تَتَوَلَّ|V|IMPF	تم منہ موڑو / دوست بناؤ
تَدْعُو|V|IMPF	تو بلاتا ہے
جِنَّةِ|N|	جن
طَّيْرُ|N|	پرندے
لِسَانِ|N|	زبان
تَعُدُّ|V|IMPF	تم گنتے ہو / گنو
نَفَخْ|V|PERF	پھونکا
تَرْكَبُ|V|IMPF	تم سوار ہو
مُتَكَبِّرِينَ|N|ACT_PCPL	تکبر کرنے والے
عُمُرِ|N|	عمر
نِعْمَةِ|N|	نعمت
ٱضْرِبْ|V|IMPV	بیان کر / مار
نَسِىَ|V|PERF	بھول گیا
بَحْرَيْنِ|N|	دو سمندر
ٱنطَلَقَ|V|PERF	چل پڑے
لِقَآئِ|N|VN	ملاقات
يَنطِقُ|V|IMPF	وہ بولتے ہیں
سَخَّرْ|V|PERF	ہم نے مسخر کیا
طَّيْرَ|N|	پرندے
تَبْلُغُ|V|IMPF	تم پہنچو
يَنصُرَ|V|IMPF	مدد کرے
نَكِيرِ|N|	سزا
يَجْعَل|V|IMPF	بنائے
جُنُودَ|N|	لشکر
يُنَادِي|V|IMPF	وہ پکارے گا
أَرُ|V|IMPV	دکھاؤ
ذَكَرَ|V|PERF	یاد کیا
أَقْبَلَ|V|PERF	متوجہ ہوا
بَصَرُ|N|	نگاہ
نُّذُرِ|N|	ڈراوے
لَقُ|V|PERF	وہ ملے
يَمُدُّ|V|IMPF	ڈھیل دیتا / بڑھاتا ہے
ضَّلَٰلَةَ|N|	گمراہی
تَشْتَرُ|V|IMPF	تم لو / بیچو
ٱسْتَعِينُ|V|IMPV	مدد مانگو
يَسْتَحْيُ|V|IMPF	زندہ چھوڑتے ہیں
صَّٰعِقَةُ|N|	کڑک
مَنَّ|N|	من
يَعْتَدُ|V|IMPF	حد سے بڑھتے ہیں
حَرْثَ|N|	کھیتی
يُحَآجُّ|V|IMPF	وہ جھگڑا کریں
تَمَسَّ|V|IMPF	چھوئے گی
تَّخَذْ|V|PERF	بنا لیا / لے لیا
أَيَّدْ|V|PERF	ہم نے تائید کی
يُفَرِّقُ|V|IMPF	وہ فرق کرتے ہیں
زَوْجِ|N|	بیوی / شوہر
ٱتَّخِذُ|V|IMPV	بنا لو
ٱرْزُقْ|V|IMPV	رزق دے
تَمُوتُ|V|IMPF	تم مرو
كَسَبْ|V|PERF	تم نے کمایا
أَسْبَاطِ|N|	قبیلے
تُحَآجُّ|V|IMPF	تم جھگڑتے ہو
وَلِّ|V|IMPV	پھیر لے
نَبْلُوَ|V|IMPF	ہم آزمائیں گے
يَلْعَنُ|V|IMPF	لعنت کرتا ہے
خِنزِيرِ|N|	خنزیر
ءَاتَى|V|PERF	دیا
مَسَٰكِينَ|N|	مسکین
سَّآئِلِينَ|N|ACT_PCPL	سوال کرنے والے
رِّقَابِ|N|	گردنیں
أَقَامَ|V|PERF	قائم کیا
إِحْسَٰنٍ|N|VN	احسان
أَتِمُّ|V|IMPV	پورا کرو
ٱنتَهَ|V|PERF	وہ باز آئے
رَجَعْ|V|PERF	لوٹے / لوٹایا
عِزَّةُ|N|	عزت
يَسْخَرُ|V|IMPF	مذاق اڑاتے ہیں
مُشْرِكَٰتِ|N|ACT_PCPL	مشرک عورتیں
يُقِيمَ|V|IMPF	دونوں قائم رکھیں
أَمْسِكُ|V|IMPV	روک لو
تَذْكُرُ|V|IMPF	تم یاد کرو گے
يَعْفُ|V|IMPF	معاف کریں / کرتا ہے
تَعْفُ|V|IMPF	تم معاف کرو
حَىُّ|N|	زندہ
يُحِيطُ|V|IMPF	وہ احاطہ کرتے ہیں
غَىِّ|N|	گمراہی
عُرُوشِ|N|	چھتیں
دُعُ|V|PERF	وہ بلائے گئے
أَشْهِدُ|V|IMPV	گواہ بنا لو
عَيْنِ|N|	آنکھ
رِضْوَٰنٌ|N|	رضا
قَٰنِتِينَ|N|ACT_PCPL	فرمانبردار
يُدْعَ|V|IMPF	وہ بلائے جاتے ہیں
جَمَعْ|V|PERF	ہم نے جمع کیا
نُوحًا|N|PN	نوح
ٱذْكُر|V|IMPV	یاد کر
نُوحِي|V|IMPF	ہم وحی کرتے ہیں
يُلْقُ|V|IMPF	وہ ڈالتے ہیں
مَهْدِ|N|	گہوارہ
يَدَىَّ|N|	دونوں ہاتھ / آگے
ٱكْتُبْ|V|IMPV	لکھ دے
أُعَذِّبُ|V|IMPF	میں عذاب دوں گا
يُوَفِّي|V|IMPF	پورا پورا دے گا
ٱشْهَدُ|V|IMPV	گواہ رہو
يُؤْتِيَ|V|IMPF	دے
ئِذٍۭ|N|T	اس
خَٰلِقِينَ|N|ACT_PCPL	پیدا کرنے والے
تُبْعَثُ|V|IMPF	تم اٹھائے جاؤ گے
تُحْمَلُ|V|IMPF	تم اٹھائے جاتے ہو
ٱسْتَوَيْ|V|PERF	تو سوار ہو
يَشْرَبُ|V|IMPF	پیتا ہے
تَشْرَبُ|V|IMPF	تم پیتے ہو
نَحْيَا|V|IMPF	ہم زندہ ہوتے ہیں
أَتْبَعْ|V|PERF	ہم نے پیچھے لگایا
رَحِمْ|V|PERF	رحم کیا
وُعِدْ|V|PERF	ہم سے وعدہ کیا گیا
زَّانِيَةُ|N|ACT_PCPL	زانیہ
يَضْرِبْ|V|IMPF	وہ ڈالیں / ماریں
حُلُمَ|N|	بلوغت
سَلِّمُ|V|IMPV	سلام کرو / سلام بھیجو
رَأَتْ|V|PERF	اس نے دیکھا
أُلْقُ|V|PERF	وہ ڈالے گئے
أَصْحَٰبَ|N|	ساتھی / والے
كَافِرُ|N|	کافر
فَرَرْ|V|PERF	بھاگا
تَمُنُّ|V|IMPF	تو احسان جتاتا ہے / احسان کر
جُمِعَ|V|PERF	جمع کیا گیا
عِزَّةِ|N|	عزت / غلبہ
أَرْسَلَ|V|PERF	بھیجا
يَنتَصِرُ|V|IMPF	وہ بدلہ لیتے ہیں / اپنا بچاؤ کرتے ہیں
بَطَشْ|V|PERF	تم نے پکڑا
أَمَدَّ|V|PERF	اس نے مدد دی
زُرُوعٍ|N|	کھیتیاں
نَبَإٍ|N|	خبر
عُمْىِ|N|	اندھے
ضَلَٰلَتِ|N|	گمراہی
يَسْتَحْىِۦ|V|IMPF	زندہ رہنے دیتا ہے / شرماتا ہے
سَقَىٰ|V|PERF	اس نے پانی پلایا
يُصَدِّقُ|V|IMPF	تصدیق کرتا ہے
أَحْبَبْ|V|PERF	پسند کیا
مُحْضَرِينَ|N|PASS_PCPL	حاضر کیے جانے والے
قُوَّةِ|N|	قوت
خَسَفْ|V|PERF	ہم نے دھنسا دیا
خَسَفَ|V|PERF	دھنسا دیا / بےنور ہوا
تَخْلُقُ|V|IMPF	تم بناتے ہو
ـَٔامَنَ|V|PERF	ایمان لایا
تَّرَكْ|V|PERF	ہم نے چھوڑا
عَمَرُ|V|PERF	انہوں نے آباد کیا
تُثِيرُ|V|IMPF	اٹھاتی ہے
مَعْذِرَتُ|N|	معذرت
فِصَٰلُ|N|	دودھ چھڑانا
تَغُرَّ|V|IMPF	دھوکے میں ڈالے
غَيْثَ|N|	بارش
رَجُلٍ|N|	شخص
صِدْقِ|N|	سچ / سچائی
خَوْفُ|N|	خوف
قَذَفَ|V|PERF	ڈال دیا
أَوْرَثَ|V|PERF	اس نے وارث بنایا
تُرِدْ|V|IMPF	تم چاہتی ہو
يَمِينُ|N|	دایاں ہاتھ
تُؤْذُ|V|IMPF	تم ایذا دو
أُخِذُ|V|PERF	وہ پکڑے گئے
نُّشُورُ|N|	جی اٹھنا
أَطْعَمَ|V|PERF	کھلایا
ٱصْلَ|V|IMPV	داخل ہو جاؤ
طَمَسْ|V|PERF	ہم نے مٹا دیا
مَشَٰرِقِ|N|	مشرقوں
ٱسْتَفْتِ|V|IMPV	پوچھ
تَنطِقُ|V|IMPF	تم بولتے ہو
أَسْفَلِينَ|N|	سب سے نیچے والے
مُحْضَرُونَ|N|PASS_PCPL	حاضر کیے جانے والے
عَجِبُ|V|PERF	انہوں نے تعجب کیا
شَدَدْ|V|PERF	ہم نے مضبوط کیا
خِطَابِ|N|	بات / خطاب
زُلْفَىٰ|N|	قرب / نزدیکی
أَخْيَارِ|N|	نیک لوگ
يَحْتَسِبُ|V|IMPF	وہ گمان کرتے ہیں
جِا۟ىٓءَ|V|PERF	لایا گیا
سِيقَ|V|PERF	ہانکا گیا
يُنَادَ|V|IMPF	وہ پکارے جائیں گے
تَّأْتِي|V|IMPF	آتی ہے
عُذْ|V|PERF	میں نے پناہ لی
أَدْعُو|V|IMPF	میں بلاتا ہوں
أَحْسَنَ|V|PERF	اچھا بنایا
صُوَرَ|N|	صورتیں
مَشْرِقَيْنِ|N|	دو مشرق
يَسْـَٔلْ|V|IMPF	مانگے
تُسَبِّحُ|V|IMPF	تم تسبیح کرو
عَذَّبْ|V|PERF	ہم نے عذاب دیا
أَصْوَٰتَ|N|	آوازیں
يُنَادُ|V|IMPF	وہ پکارتے ہیں
أَلْقِيَ|V|IMPV	تم دونوں ڈال دو
سَّآئِلِ|N|ACT_PCPL	سوال کرنے والا
مَحْرُومِ|N|PASS_PCPL	محروم
خَٰلِقُونَ|N|ACT_PCPL	پیدا کرنے والے
زَّوْجَيْنِ|N|	دو قسمیں / جوڑا
وَضَعَ|V|PERF	رکھا
ظِلٍّ|N|	سایہ
تَرْجِعُ|V|IMPF	تم لوٹاتے ہو
أَعْلَن|V|PERF	ظاہر کیا
يُنفِقْ|V|IMPF	خرچ کرے
قَلَمِ|N|	قلم
أُهْلِكُ|V|PERF	وہ ہلاک کیے گئے
صَٰحِبَتِ|N|	بیوی
ٱذْكُرِ|V|IMPV	ذکر کر
عَصَىٰ|V|PERF	نافرمانی کی
قُرْءَانَ|N|	پڑھنا
ٱسْجُدْ|V|IMPV	سجدہ کر
تَشَآءُ|V|IMPF	تم چاہتے ہو
ٱنطَلِقُ|V|IMPV	چلو
بَنَىٰ|V|PERF	بنایا
يَنظُرِ|V|IMPF	دیکھے
أَذِنَتْ|V|PERF	سن لیا
حُقَّتْ|V|PERF	لازم کیا گیا
عُسْرِ|N|	تنگی
تَرَوُ|V|IMPF	تم دیکھو گے
صَّوَٰعِقِ|N|	کڑکیں / بجلیاں
مَّشَ|V|PERF	وہ چلے
رُزِقُ|V|PERF	وہ رزق دیے گئے
رُزِقْ|V|PERF	ہمیں رزق دیا گیا
أُتُ|V|PERF	وہ دیے گئے
عَرَضَ|V|PERF	پیش کیا
تَلَقَّىٰٓ|V|PERF	حاصل کیا
تَتْلُ|V|IMPF	تم پڑھتے ہو
كَبِيرَةٌ|N|	بڑی / بھاری
تَسْتَبْدِلُ|V|IMPF	تم بدلتے ہو
ٱعْتَدَ|V|PERF	انہوں نے زیادتی کی
تَذْبَحُ|V|IMPF	تم ذبح کرو
ذَبَحُ|V|PERF	انہوں نے ذبح کیا
تَطْمَعُ|V|IMPF	تم امید رکھتے ہو
عَقَلُ|V|PERF	انہوں نے سمجھا
تُحَدِّثُ|V|IMPF	تم بیان کرتے ہو
قَلِيلًا|N|	تھوڑا
يُعَلِّمَ|V|IMPF	وہ دونوں سکھاتے
مَثُوبَةٌ|N|VN	ثواب / بدلہ
أَمَانِيُّ|N|	خواہشات
أَيْنَمَا|N|COND	جہاں کہیں
مِلَّتَ|N|	طریقہ / دین
أَمْنًا|N|	امن
طَهِّرَ|V|IMPV	تم دونوں پاک کرو
أَضْطَرُّ|V|IMPF	میں مجبور کروں گا
تُبْ|V|IMPV	توبہ قبول کر
أَسْبَاطَ|N|	قبیلے
وَلَّىٰ|V|PERF	پھیر دیا
قِبْلَتِ|N|	قبلہ
قِبْلَةَ|N|	قبلہ
كَبِيرَةً|N|	بڑی / بھاری
نُوَلِّيَ|V|IMPF	ہم پھیر دیں گے
أَذْكُرْ|V|IMPF	میں یاد کروں گا
بَيَّنُ|V|PERF	انہوں نے بیان کیا
ٱتُّبِعُ|V|PERF	پیروی کیے گئے
أَسْبَابُ|N|	اسباب
نَتَبَرَّأَ|V|IMPF	ہم بیزار ہوں
تَبَرَّءُ|V|IMPV	بیزار ہوئے
أَصْبَرَ|V|PERF	صابر بنا دیا
مَنۢ|N|COND	جو
بَيِّنَٰتٍ|N|	روشن نشانیاں
عُسْرَ|N|	تنگی
رَّفَثُ|N|	شہوت کی بات
مَسَٰجِدِ|N|	مسجدیں
شَّهْرُ|N|	مہینہ
حُرُمَٰتُ|N|	حرمتیں
ٱعْتَدُ|V|IMPV	زیادتی کرو
أَحْسِنُ|V|IMPV	نیکی کرو
هَدْىُ|N|	قربانی
يُشْهِدُ|V|IMPF	گواہ بناتا ہے
كُفْرٌۢ|N|	کفر
مُفْسِدَ|N|ACT_PCPL	فساد کرنے والا
مُصْلِحِ|N|ACT_PCPL	اصلاح کرنے والا
تَّوَّٰبِينَ|N|ACT_PCPL	توبہ کرنے والے
عَزَمُ|V|PERF	انہوں نے پختہ ارادہ کیا
بُعُولَتُ|N|	شوہر
يَخَافَ|V|IMPF	وہ دونوں ڈریں
يَنكِحْ|V|IMPF	وہ نکاح کریں
وَٰلِدَٰتُ|N|ACT_PCPL	مائیں
مَوْلُودِ|N|PASS_PCPL	بچہ
وَارِثِ|N|ACT_PCPL	وارث
سَلَّمْ|V|PERF	تم نے سپرد کیا
عَشْرًا|N|	دس
أَكْنَن|V|PERF	تم نے چھپایا
تَعْزِمُ|V|IMPF	تم پختہ ارادہ کرو
تَفْرِضُ|V|IMPF	تم مقرر کرو
صَّلَوَٰتِ|N|	نمازیں
قُومُ|V|IMPV	کھڑے ہو جاؤ
رِجَالًا|N|	پیدل
بَقِيَّةٌ|N|	باقی ماندہ
شَرِبُ|V|PERF	انہوں نے پیا
أُمِيتُ|V|IMPF	میں موت دیتا ہوں
يَطْمَئِنَّ|V|IMPF	مطمئن ہو جائے
يُتْبِعُ|V|IMPF	وہ پیچھے لگاتے ہیں
يَتْبَعُ|V|IMPF	پیچھے آتا ہے
صَدَقَٰتِ|N|	صدقات
مَنِّ|N|	احسان جتانا
تَثْبِيتًا|N|VN	ثابت رکھنا
رَبْوَةٍ|N|	بلند جگہ
ـَٔاتَتْ|V|PERF	اس نے دیا
ـَٔاخِذِي|N|ACT_PCPL	لینے والے
فُقَرَآءَ|N|	محتاج
بَيْعُ|N|	تجارت
ٱنتَهَىٰ|V|PERF	باز آیا
يُرْبِى|V|IMPF	بڑھاتا ہے
أْذَنُ|V|IMPV	خبردار ہو جاؤ
تَصَدَّقُ|V|IMPF	تم صدقہ کرو
دَيْنٍ|N|	قرض
ٱكْتُبُ|V|IMPV	لکھو
يَكْتُب|V|IMPF	لکھے
يَكْتُبْ|V|IMPF	لکھے
ٱمْرَأَتَانِ|N|	دو عورتیں
تُذَكِّرَ|V|IMPF	یاد دلا دے
تَسْـَٔمُ|V|IMPF	تم اکتاؤ
يُحَاسِبْ|V|IMPF	حساب لے گا
نَّسِي|V|PERF	ہم بھولے
تُحَمِّلْ|V|IMPF	تو اٹھوا
أُخَرُ|N|	دوسری
تُغْلَبُ|V|IMPF	تم مغلوب کیے جاؤ گے
مَـَٔابِ|N|	ٹھکانا
ؤُنَبِّئُ|V|IMPF	میں خبر دوں
حَآجُّ|V|PERF	انہوں نے جھگڑا کیا
تَنزِعُ|V|IMPF	تو چھین لیتا ہے
تَقَبَّلَ|V|PERF	قبول کیا
طَهَّرَ|V|PERF	پاک کیا
ٱقْنُتِ|V|IMPV	اطاعت کر
ٱسْجُدِ|V|IMPV	سجدہ کر
أَقْلَٰمَ|N|	قلمیں
أَنفُخُ|V|IMPF	میں پھونکتا ہوں
أُحْىِ|V|IMPF	میں زندہ کرتا ہوں
أُحِلَّ|V|IMPF	میں حلال کروں
أَحْكُمُ|V|IMPF	میں فیصلہ کروں گا
نَجْعَل|V|IMPF	ہم بنائیں
قَصَصُ|N|	بیان / قصے
حَٰجَجْ|V|PERF	تم نے جھگڑا کیا
ٱكْفُرُ|V|IMPV	انکار کرو
يَأْمُرَ|V|IMPF	حکم دے
إِصْرِ|N|	عہد
تُقَاتِ|N|	ڈرنا
تَفَرَّقُ|V|IMPF	تم تفرقے میں پڑو
أَنقَذَ|V|PERF	اس نے بچایا
تَسْوَدُّ|V|IMPF	سیاہ ہوں گے
تَنْهَ|V|IMPF	تم روکتے ہو
لَيْسُ|V|PERF	نہیں ہیں
يُكْفَرُ|V|IMPF	ناقدری کیے جائیں
أَهْلَكَتْ|V|PERF	ہلاک کر دیا
عَضُّ|V|PERF	انہوں نے کاٹا
يُمِدَّ|V|IMPF	وہ مدد کرے
خَمْسَةِ|N|	پانچ
يَكْبِتَ|V|IMPF	ذلیل کرے
سَارِعُ|V|IMPV	جلدی کرو
كَٰظِمِينَ|N|ACT_PCPL	پی جانے والے
يَمْحَقَ|V|IMPF	مٹا دے
تَلْقَ|V|IMPF	تم ملو
وَهَنُ|V|PERF	وہ کمزور پڑے
ضَعُفُ|V|PERF	وہ کمزور پڑے
إِسْرَافَ|N|VN	زیادتی / اسراف
ـَٔاتَىٰ|V|PERF	دیا
يَبْتَلِيَ|V|IMPF	آزمائے
غَمٍّ|N|	غم
يَبْتَلِىَ|V|IMPF	آزمائے
مُ|V|PERF	تم مرے
مُّ|V|PERF	تم مرے
لِن|V|PERF	تو نرم ہوا
عَزَمْ|V|PERF	تو نے پختہ ارادہ کیا
قَعَدُ|V|PERF	وہ بیٹھ رہے
جَمَعُ|V|PERF	انہوں نے جمع کیا
خَافُ|V|IMPV	ڈرو
تُبَيِّنُ|V|IMPF	تم بیان کرو گے
أَخْزَيْ|V|PERF	تو نے رسوا کیا
كَفِّرْ|V|IMPV	دور کر دے
تَتَبَدَّلُ|V|IMPF	تم بدلو
ٱبْتَلُ|V|IMPV	آزماؤ
نِّكَاحَ|N|	نکاح
يَكْبَرُ|V|IMPF	وہ بڑے ہو جائیں
دَفَعْ|V|PERF	تم نے دے دیا
قِسْمَةَ|N|	تقسیم
مَسَٰكِينُ|N|	مسکین
خَافُ|V|PERF	وہ ڈرے
ثُّلُثُ|N|	تہائی
تَدْرُ|V|IMPF	تم جانتے ہو
تُوصُ|V|IMPF	تم وصیت کرتے ہو
ثُّلُثِ|N|	تہائی
حُدُودَ|N|	حدود
ـَٔاذُ|V|IMPV	اذیت دو
تَرِثُ|V|IMPF	تم وارث بنو
مَقْتًا|N|	ناراضگی
تَجْمَعُ|V|IMPF	تم جمع کرو
أُخْتَيْنِ|N|	دو بہنیں
فَرِيضَةِ|N|	مقررہ (مہر)
أُحْصِ|V|PERF	نکاح میں لائی گئیں
تُنْهَ|V|IMPF	تم روکے جاتے ہو
نُدْخِلْ|V|IMPF	ہم داخل کریں گے
ٱكْتَسَبْ|V|PERF	انہوں نے کمایا
رِّجَالُ|N|	مرد
عِظُ|V|IMPV	نصیحت کرو
جُنُبِ|N|	اجنبی / دور کا
نَرُدَّ|V|IMPF	ہم پھیر دیں
نَلْعَنَ|V|IMPF	ہم لعنت کریں
يُزَكُّ|V|IMPF	وہ پاک ٹھہراتے ہیں
يَحْسُدُ|V|IMPF	وہ حسد کرتے ہیں
يَزْعُمُ|V|IMPF	وہ دعوی کرتے ہیں
عِظْ|V|IMPV	نصیحت کر
يُطَاعَ|V|IMPF	اطاعت کی جائے
ظَّلَمُ|V|PERF	انہوں نے ظلم کیا
يُسَلِّمُ|V|IMPF	وہ تسلیم کر لیں
ٱخْرُجُ|V|IMPV	نکلو
أَفُوزَ|V|IMPF	میں کامیاب ہوتا
يُقَٰتِلْ|V|IMPF	لڑے
يَشْرُ|V|IMPF	وہ بیچتے ہیں
يُقْتَلْ|V|IMPF	قتل کیا جائے
كُفُّ|V|IMPV	روکو / روکے رکھو
قَٰتِلْ|V|IMPV	لڑ / جنگ کر
تَهْدُ|V|IMPF	تم ہدایت دو
سَلَّطَ|V|PERF	مسلط کردیتا / مسلط کیا
يَصَّدَّقُ|V|IMPF	صدقہ کردیں / معاف کردیں
تَوَفَّىٰ|V|PERF	فوت کیا / جان نکالی
تُهَاجِرُ|V|IMPF	تم ہجرت کرو
تَقُمْ|V|IMPF	کھڑی ہو / کھڑا ہو
ٱطْمَأْنَن|V|PERF	تم مطمئن ہوگئے
تَحْكُمَ|V|IMPF	تو فیصلہ کرے
صَدَقَةٍ|N|	صدقہ
نُوَلِّ|V|IMPF	ہم پھیر دیں
أَتَّخِذَ|V|IMPF	میں بنا لوں
أُضِلَّ|V|IMPF	میں بھٹکاؤں
أَمَانِيِّ|N|	آرزوئیں / خواہشات
تَرْغَبُ|V|IMPF	تم رغبت رکھتے ہو
يُصْلِحَ|V|IMPF	وہ دونوں اصلاح کرلیں
أُحْضِرَتِ|V|PERF	حاضر کی گئی / موجود رکھی گئی
شُّحَّ|N|	بخل
تُحْسِنُ|V|IMPF	تم نیکی کرو / احسان کرو
يَتَفَرَّقَ|V|IMPF	دونوں الگ ہوجائیں
ـَٔاخَرِينَ|N|	دوسرے
يُسْتَهْزَأُ|V|IMPF	مذاق اڑایا جاتا ہے
أَسْفَلِ|N|	سب سے نچلا
نَكْفُرُ|V|IMPF	ہم کفر کرتے ہیں
تَعْدُ|V|IMPF	تم زیادتی کرو / حد سے بڑھو
رَّفَعَ|V|PERF	اٹھایا / بلند کیا
مُقِيمِينَ|N|ACT_PCPL	قائم کرنے والے
يَسْتَكْبِرْ|V|IMPF	تکبر کرے
ٱسْتَنكَفُ|V|PERF	انہوں نے عار سمجھا
تُحِلُّ|V|IMPF	تم حلال کرو / حلال سمجھو
حَلَلْ|V|PERF	تم حلال ہوئے
نُّصُبِ|N|	آستانے / تھان
قُمْ|V|PERF	تم کھڑے ہوئے
أَقْرَضْ|V|PERF	تم نے قرض دیا
نَذِيرٌ|N|	ڈرانے والا
تَرْتَدُّ|V|IMPF	تم پھر جاؤ / لوٹو
قَٰتِلَ|V|IMPV	تم دونوں لڑو / جنگ کرو
ٱفْرُقْ|V|IMPV	جدائی ڈال دے / فیصلہ کر
تُقُبِّلَ|V|PERF	قبول کیا گیا
بَسَط|V|PERF	تو نے پھیلایا
بَاسِطٍ|N|ACT_PCPL	پھیلانے والا
أُوَٰرِىَ|V|IMPF	میں چھپاؤں
مُسْرِفُونَ|N|ACT_PCPL	حد سے بڑھنے والے
يُحَارِبُ|V|IMPF	جنگ کرتے ہیں
يَفْتَدُ|V|IMPF	وہ فدیہ دیں
تُؤْتَ|V|IMPF	تم دیے جاؤ
عَيْنَ|N|	آنکھ
خَنَازِيرَ|N|	خنزیر / سور
عَبَدَ|V|PERF	عبادت کی / بندگی کی
دَّخَلُ|V|PERF	داخل ہوئے
أَوْقَدُ|V|PERF	انہوں نے بھڑکائی
كَفَّرْ|V|PERF	ہم دور کردیتے
أَكَلُ|V|PERF	وہ کھاتے
بَلَّغْ|V|PERF	آپ نے پہنچایا
تُحَرِّمُ|V|IMPF	تم حرام قرار دو
تُطْعِمُ|V|IMPF	تم کھلاتے ہو
ٱحْفَظُ|V|IMPV	حفاظت کرو
أَنصَابُ|N|	آستانے / بت
يَذُوقَ|V|IMPF	وہ چکھے
ٱسْتَحَقَّ|V|PERF	وہ دونوں حق دار ہوئے
ـَٔاخَرَانِ|N|	دو دوسرے
مَقَامَ|N|	جگہ / مقام
شَهَٰدَتِ|N|	گواہی
ٱعْتَدَيْ|V|PERF	ہم نے زیادتی کی
أُجِبْ|V|PERF	جواب دیا گیا
وَٰلِدَتِ|N|ACT_PCPL	والدہ / ماں
أَيَّد|V|PERF	میں نے تائید کی
تَنفُخُ|V|IMPF	تو پھونکتا ہے
كَفَفْ|V|PERF	میں نے روکا
تَوَفَّيْ|V|PERF	تو نے فوت کیا / اٹھا لیا
صِدْقُ|N|	سچ / سچائی
أُنذِرَ|V|IMPF	میں ڈراؤں
كُذِّبُ|V|PERF	جھٹلائے گئے
إِعْرَاضُ|N|VN	بےرخی / منہ موڑنا
جَنَاحَيْ|N|	دو پر / دونوں بازو
ذَرِ|V|IMPV	چھوڑ دے
أُبْسِلُ|V|PERF	ہلاک کیے گئے / گرفتار کیے گئے
نَدْعُوا۟|V|IMPF	ہم پکاریں / پکارتے ہیں
نُسْلِمَ|V|IMPF	ہم سپرد کردیں
تُحَٰٓجُّ|V|IMPF	تم جھگڑتے ہو
أَمْنُ|N|	امن
زَكَرِيَّا|N|PN	زکریا
وَكَّلْ|V|PERF	ہم نے مقرر کیا
لَّيْسُ|V|PERF	نہیں ہیں
أُنزِلُ|V|IMPF	میں نازل کروں
خَرَقُ|V|PERF	انہوں نے گھڑ لیے / تراش لیے
تُدْرِكُ|V|IMPF	پاسکتی ہیں / پالیتی ہیں
أَهْوَآئِ|N|	خواہشات
يُوحُ|V|IMPF	وحی کرتے ہیں / ڈالتے ہیں
أَجَّلْ|V|PERF	تو نے مقرر کی
يَسْتَخْلِفْ|V|IMPF	جانشین بنائے
كَثِيرٍ|N|	بہت / بہت سے
ذُكُورِ|N|	مرد
مُحَرَّمٌ|N|PASS_PCPL	حرام کیا گیا
بَغْيِ|N|	سرکشی / ضد
حُجَّةُ|N|	حجت
بَٰلِغَةُ|N|ACT_PCPL	پہنچنے والی / کامل
صِرَٰطِ|N|	راستہ
تَفَرَّقَ|V|IMPF	جدا کردے
أَمْثَالِ|N|	مثلیں / مانند
نُسُكِ|N|	قربانی
وَزْنُ|N|	وزن
أَقْعُدَ|V|IMPF	میں بیٹھوں
ءَاتِيَنَّ|V|IMPF	میں آؤں
نَهَىٰ|V|PERF	روکا / منع کیا
غُرُورٍ|N|	دھوکا
ذَاقَ|V|PERF	دونوں نے چکھا
أَنْهَ|V|IMPF	میں نے روکا
تَحْيَ|V|IMPF	تم جیو گے
قَبِيلُ|N|	گروہ / قبیلہ
بَغْىَ|N|	زیادتی / سرکشی
يَتَوَفَّ|V|IMPF	وہ فوت کرتے ہیں
ٱدَّارَكُ|V|IMPV	جمع ہوجائیں / آ ملیں
نَهْتَدِىَ|V|IMPF	ہم ہدایت پاتے
نُودُ|V|PERF	وہ پکارے گئے
نَعْمَلَ|V|IMPF	ہم عمل کریں
نَذَرَ|V|IMPF	ہم چھوڑ دیں
بَوَّأَ|V|PERF	ٹھکانہ دیا / بسایا
عَفَ|V|PERF	وہ بڑھ گئے
غُلِبُ|V|PERF	مغلوب ہوئے
مَكْرٌ|N|	چال
نَسْتَحْىِۦ|V|IMPF	ہم زندہ چھوڑیں گے
يُورِثُ|V|IMPF	وارث بناتا ہے
أُوذِي|V|PERF	ہم ستائے گئے
يَنظُرَ|V|IMPF	وہ دیکھے
بَٰلِغُو|N|ACT_PCPL	پہنچنے والے
يُسْتَضْعَفُ|V|IMPF	کمزور سمجھے جاتے
مَغَٰرِبَ|N|	مغربیں / مغربی حصے
أَبْغِي|V|IMPF	میں تلاش کروں
أَلْوَاحِ|N|	تختیاں
أَصْرِفُ|V|IMPF	میں پھیر دوں
يَتَكَبَّرُ|V|IMPF	وہ تکبر کرتے ہیں
ٱسْتَضْعَفُ|V|PERF	انہوں نے کمزور سمجھا
غَٰفِرِينَ|N|ACT_PCPL	بخشنے والے
أَكْتُبُ|V|IMPF	میں لکھوں گا
يَضَعُ|V|IMPF	اتارتا ہے / رکھتا ہے
يَعْدُ|V|IMPF	وہ زیادتی کرتے ہیں
تَعِظُ|V|IMPF	تم نصیحت کرتے ہو
مُعَذِّبُ|N|ACT_PCPL	عذاب دینے والا
سَرِيعُ|N|	جلد / تیز
وَرِثُ|V|PERF	وارث ہوئے
يُغْفَرُ|V|IMPF	بخشا جائے گا
جَبَلَ|N|	پہاڑ
أَشْهَدَ|V|PERF	گواہ بنایا
ٱنسَلَخَ|V|PERF	نکل گیا
تَتْرُكْ|V|IMPF	تو چھوڑ دے
ٱقْصُصِ|V|IMPV	بیان کر
ذَرَأْ|V|PERF	ہم نے پیدا کیا
يَسْكُنَ|V|IMPF	وہ سکون پائے
مَرَّتْ|V|PERF	گزری / چلتی رہی
دَّعَوَ|V|PERF	دونوں نے پکارا
يَبْطِشُ|V|IMPF	وہ پکڑتے ہیں
عُرْفِ|N|	نیکی / بھلائی
تَذَكَّرُ|V|PERF	انہوں نے یاد کیا / نصیحت پکڑی
كَٰرِهُونَ|N|ACT_PCPL	ناپسند کرنے والے
يُسَاقُ|V|IMPF	ہانکے جاتے ہیں
طَّآئِفَتَيْنِ|N|	دو گروہ
تَوَدُّ|V|IMPF	تم چاہتے ہو
أَلْفٍ|N|	ہزار
يُغَشِّي|V|IMPF	ڈھانک دیتا ہے / طاری کرتا ہے
نُّعَاسَ|N|	اونگھ
ثَبِّتُ|V|IMPV	ثابت رکھو / جمائے رکھو
أُلْقِى|V|IMPF	میں ڈالوں گا
يُوَلِّ|V|IMPF	پھیرے
يَتَخَطَّفَ|V|IMPF	اچک لے
أَمْطِرْ|V|IMPV	برسا
مُعَذِّبَ|N|ACT_PCPL	عذاب دینے والا
يُغْلَبُ|V|IMPF	مغلوب کیے جائیں گے
أَرَىٰكَ|V|PERF	دکھایا
ٱلْتَقَيْ|V|PERF	تم ملے
تَذْهَبَ|V|IMPF	جاتی رہے
رِيحُ|N|	ہوا
فِئَتَانِ|N|	دو گروہ
ٱنۢبِذْ|V|IMPV	پھینک دے
يُعْجِزُ|V|IMPF	وہ عاجز کرسکتے
أَعِدُّ|V|IMPV	تیار کرو
خِيَانَتَ|N|	خیانت
فَسَادٌ|N|	فساد
يَنقُصُ|V|IMPF	انہوں نے کمی کی
ٱحْصُرُ|V|IMPV	گھیرو / روکو
أَجِرْ|V|IMPV	پناہ دے
تَأْبَىٰ|V|IMPF	انکار کرتے ہیں
بَدَءُ|V|PERF	انہوں نے ابتدا کی
ٱقْتَرَفْ|V|PERF	تم نے کمایا
يُعْطُ|V|IMPF	وہ دیں
يَأْبَى|V|IMPF	انکار کرتا ہے
ذَّهَبَ|N|	سونا
سَفَرًا|N|	سفر
أَذِن|V|PERF	تو نے اجازت دی
خُرُوجَ|N|	نکلنا
قَلَّبُ|V|PERF	الٹ پلٹ کیے
أُمُورَ|N|	معاملات / کام
ظَهَرَ|V|PERF	ظاہر ہوا
سَقَطُ|V|PERF	وہ گرے / پڑ گئے
نَفَقَٰتُ|N|	خرچ / اخراجات
يَفْرَقُ|V|IMPF	ڈرتے ہیں
أُعْطُ|V|PERF	دیے گئے
يُعْطَ|V|IMPF	دیے جائیں
يَسْخَطُ|V|IMPF	ناراض ہوتے ہیں
صَّدَقَٰتُ|N|	صدقات
تُنَبِّئُ|V|IMPF	آگاہ کردے / خبر دے
ٱسْتَهْزِءُ|V|IMPV	مذاق اڑا لو
تَحْذَرُ|V|IMPF	تم ڈرتے ہو
تَسْتَهْزِءُ|V|IMPF	تم مذاق اڑاتے ہو
يَقْبِضُ|V|IMPF	روک کر رکھتے ہیں
خُضْ|V|PERF	تم بحث میں پڑے
خَاضُ|V|PERF	وہ بحث میں پڑے
أَغْنَىٰ|V|IMPF	غنی کردیا
نَصَّدَّقَ|V|IMPF	ہم صدقہ کریں
أَخْلَفُ|V|PERF	انہوں نے خلاف کیا
حَرِّ|N|	گرمی
رَّجَعَ|V|PERF	لوٹا لایا
قُعُودِ|N|VN	بیٹھ رہنا
ٱسْتَـْٔذَنَ|V|PERF	اجازت مانگی
خَيْرَٰتُ|N|	بھلائیاں
قَعَدَ|V|PERF	بیٹھ رہا / بیٹھ گیا
نَصَحُ|V|PERF	انہوں نے خیرخواہی کی
تَحْمِلَ|V|IMPF	تو سوار کرے
أَحْمِلُ|V|IMPF	میں سوار کروں
نِفَاقًا|N|VN	نفاق
نِّفَاقِ|N|VN	نفاق
مَسْجِدٌ|N|	مسجد
بَنَ|V|PERF	بنائی / بنایا
يُقْتَلُ|V|IMPF	قتل کیے جاتے ہیں
بَيْعِ|N|	سودا / خرید و فروخت
عَٰبِدُونَ|N|ACT_PCPL	عبادت کرنے والے
رَّٰكِعُونَ|N|ACT_PCPL	رکوع کرنے والے
سَّٰجِدُونَ|N|ACT_PCPL	سجدہ کرنے والے
عُسْرَةِ|N|	تنگی
يَرْغَبُ|V|IMPF	منہ موڑیں
يَنفِرُ|V|IMPF	نکلیں
ٱطْمَأَنُّ|V|PERF	مطمئن ہوگئے
نَنظُرَ|V|IMPF	ہم دیکھیں
ءَايَاتُ|N|	آیات / نشانیاں
بَدِّلْ|V|IMPV	بدل دے
أُبَدِّلَ|V|IMPF	میں بدل دوں
تَلَوْ|V|PERF	میں نے پڑھا
ءَايَاتِ|N|	آیات / نشانیاں
تَمْكُرُ|V|IMPF	تم چال چلتے ہو
يُسَيِّرُ|V|IMPF	چلاتا ہے
جَرَيْ|V|PERF	چلیں / چل پڑیں
بَغْيُ|N|	سرکشی / بغاوت
زُخْرُفَ|N|	زینت / رونق
مَكَانَ|N|NV	جگہ پر ٹھہرو
ٱفْتَدَتْ|V|PERF	فدیہ دے دیتی
ٱقْضُ|V|IMPV	کر گزرو / فیصلہ کرو
سَّٰحِرُونَ|N|ACT_PCPL	جادوگر
تَبَوَّءَ|V|IMPV	ٹھکانہ بناؤ
مِصْرَ|N|PN	مصر
أَمْوَٰلًا|N|	مال
دَّعْوَتُ|N|	پکار / دعا
ٱسْتَقِيمَ|V|IMPV	ثابت قدم رہو
تَتَّبِعَآ|V|IMPF	تم دونوں پیروی کرو
أَدْرَكَ|V|PERF	پالیا
نَفَعَ|V|PERF	نفع دیا / نفع دیتا
يَنتَظِرُ|V|IMPF	انتظار کرتے ہیں
صُدُورَ|N|	سینے
يُبْخَسُ|V|IMPF	کمی کیے جائیں گے
يَتْلُو|V|IMPF	پیچھے آتا ہے / پڑھتا ہے
أَصَمِّ|N|	بہرا
طَرَد|V|PERF	میں نے دھتکارا
جِدَٰلَ|N|	جھگڑا
ٱرْكَبُ|V|IMPV	سوار ہوجاؤ
ـَٔاوِىٓ|V|IMPF	میں پناہ لوں گا
حَالَ|V|PERF	حائل ہوا / حائل ہوگئی
مُغْرَقِينَ|N|PASS_PCPL	غرق کیے جانے والے
سَمَآءُ|N|	آسمان
غِيضَ|V|PERF	خشک کردیا گیا / گھٹا دیا گیا
ٱسْتَوَتْ|V|PERF	ٹھہر گئی
أَسْـَٔلَ|V|IMPF	میں سوال کروں
بَرَكَٰتٍ|N|	برکتیں
قُوَّتِ|N|	قوت
هُودُ|N|PN	ہود
تَارِكِىٓ|N|ACT_PCPL	چھوڑنے والے
يَسْتَخْلِفُ|V|IMPF	جانشین بنائے گا
تَنْهَىٰ|V|IMPF	تو روکتا ہے
تَزِيدُ|V|IMPF	تم بڑھاتے ہو
أَلِدُ|V|IMPF	میں جنوں گی
تَعْجَبِينَ|V|IMPF	تو تعجب کرتی ہے
بَرَكَٰتُ|N|	برکتیں
قَرِيبٍ|N|	قریب
تَنقُصُ|V|IMPF	تم کم کرو
أَنْهَىٰ|V|IMPF	میں روکوں
إِصْلَٰحَ|N|VN	اصلاح
شِقَاقِ|N|VN	مخالفت / ضد
وِرْدُ|N|	گھاٹ / اترنا
ءَالِهَتُ|N|	معبود / الٰہ
نُؤَخِّرُ|V|IMPF	ہم مؤخر کرتے ہیں
شَقُ|V|PERF	بدبخت ہوئے
تَرْكَنُ|V|IMPF	تم جھکو / مائل ہو
زُلَفًا|N|	حصے / گھڑیاں
فَسَادِ|N|	فساد
تَأْمَ۫نَّ|V|IMPF	تو اعتبار کرتا ہے
نَٰصِحُونَ|N|ACT_PCPL	خیر خواہ
ذَهَبُ|V|PERF	وہ گئے / لے گئے
تُنَبِّئَ|V|IMPF	تو خبر دے گا
ذَهَبْ|V|PERF	ہم گئے
أَرْسَلُ|V|PERF	انہوں نے بھیجا
غُرَابِ|N|	کوا
مَقْعَدِ|N|	بیٹھ رہنا
صَلَوٰتَ|N|	دعا
تَرَبَّصُ|V|IMPF	تم انتظار کرتے ہو
وَارِدَ|N|ACT_PCPL	پانی لانے والا
نُعَلِّمَ|V|IMPF	ہم سکھائیں
أَبْوَٰبَ|N|	دروازے
نَصْرِفَ|V|IMPF	ہم پھیر دیں
ٱسْتَبَقَ|V|PERF	دونوں آگے بڑھے
قَدَّتْ|V|PERF	اس نے پھاڑ دیا
صَدَقَتْ|V|PERF	سچ کہا
ءَاتَتْ|V|PERF	دی
ءَامُرُ|V|IMPF	میں حکم دیتی ہوں
يَسْجُنُ|V|IMPF	وہ قید کریں گے
تُرْزَقَ|V|IMPF	تم دونوں کو دیا جاتا ہے
نَبَّأْ|V|PERF	میں نے بتایا
أَرْبَابٌ|N|	بہت سے رب
يَسْقِى|V|IMPF	وہ پلائے گا
تَسْتَفْتِيَ|V|IMPF	تم دونوں پوچھتے ہو
أَرْسِلُ|V|IMPV	بھیجو
تُحْصِنُ|V|IMPF	تم بچا رکھو گے
يَعْصِرُ|V|IMPF	وہ نچوڑیں گے
عَرَفَ|V|PERF	اس نے پہچانا
نُرَٰوِدُ|V|IMPF	ہم پھسلائیں گے
فِتْيَٰنِ|N|	نوجوان
رِحَالِ|N|	سامان
ءَامَنُ|V|IMPF	میں بھروسہ کروں
فَتَحُ|V|PERF	انہوں نے کھولا
بِضَٰعَتُ|N|	پونجی
نَحْفَظُ|V|IMPF	ہم حفاظت کریں گے
نَزْدَادُ|V|IMPF	ہم زیادہ لائیں گے
أُرْسِلَ|V|IMPF	میں بھیجوں
تَأْتُنَّ|V|IMPF	تم لاؤ گے
سِّقَايَةَ|N|	پیالہ
تَفْقِدُ|V|IMPF	تم گم پاتے ہو
نُفْسِدَ|V|IMPF	ہم فساد کریں
رَحْلِ|N|	سامان
أَسَرَّ|V|PERF	چھپایا
ظَٰلِمُونَ|N|ACT_PCPL	ظالم
أَقْبَلْ|V|PERF	ہم آئے
أَسَفَ|N|	افسوس
ٱبْيَضَّتْ|V|PERF	سفید ہو گئیں
هَٰلِكِينَ|N|ACT_PCPL	ہلاک ہونے والے
تَا۟يْـَٔسُ|V|IMPF	مایوس ہو
بِضَٰعَةٍ|N|	پونجی
أَوْفِ|V|IMPV	پورا دے
تَصَدَّقْ|V|IMPV	صدقہ کر
يَصْبِرْ|V|IMPF	صبر کرے
تَوَفَّ|V|IMPF	تو وفات دے
يَمُرُّ|V|IMPF	وہ گزرتے ہیں
كُذِبُ|V|PERF	جھٹلائے گئے
نُجِّىَ|V|PERF	بچا لیا گیا
نَخِيلٌ|N|	کھجور کے درخت
نُفَضِّلُ|V|IMPF	ہم فضیلت دیتے ہیں
صَّوَٰعِقَ|N|	کڑکتی بجلیاں
بَٰسِطِ|N|ACT_PCPL	پھیلانے والا
بَٰلِغِ|N|ACT_PCPL	پہنچنے والا
تَشَٰبَهَ|V|PERF	مشتبہ ہو گیا
قَدَرِ|N|	اندازہ
يُوقِدُ|V|IMPF	وہ جلاتے ہیں
تَتْلُوَا۟|V|IMPF	تو پڑھے
سَمُّ|V|IMPV	نام لو
ظِلُّ|N|	سایہ
أَزِيدَ|V|IMPF	زیادہ دوں گا
نَّأْتِيَ|V|IMPF	ہم آئیں
نَصْبِرَ|V|IMPF	ہم صبر کریں گے
ءَاذَيْ|V|PERF	تم نے ستایا
نُهْلِكَ|V|IMPF	ہم ہلاک کریں گے
نُسْكِنَ|V|IMPF	ہم بسائیں گے
يُسْقَىٰ|V|IMPF	وہ پلایا جائے گا
أَحَلُّ|V|PERF	انہوں نے اتارا
أَصْنَامَ|N|	بت
عَصَا|V|PERF	نافرمانی کی
أَسْكَن|V|PERF	میں نے بسایا
وَادٍ|N|	وادی
مُحَرَّمِ|N|PASS_PCPL	حرمت والا
أَخِّرْ|V|IMPV	مہلت دے
دَعْوَتَ|N|	پکار
نَتَّبِعِ|V|IMPF	ہم پیروی کریں
تَغْشَىٰ|V|IMPF	ڈھانپ لے گی
أَمَلُ|N|	امید
نَسْلُكُ|V|IMPF	ہم داخل کرتے ہیں
يَعْرُجُ|V|IMPF	وہ چڑھتے
حَفِظْ|V|PERF	ہم نے حفاظت کی
أَسْجُدَ|V|IMPF	میں سجدہ کروں
أُزَيِّنَ|V|IMPF	میں خوبصورت بنا دوں گا
تُبَشِّرُ|V|IMPF	تم بشارت دیتے ہو
ٱمْضُ|V|IMPV	چلے جاؤ
نَنْهَ|V|IMPF	ہم روکیں
إِمَامٍ|N|	راستہ
حِجْرِ|N|	حجر
صَّفْحَ|N|	درگزر
كَفَيْ|V|PERF	ہم کافی ہوئے
أَنذِرُ|V|IMPV	خبردار کرو
نَّخِيلَ|N|	کھجور کے درخت
أَعْنَٰبَ|N|	انگور
مُسْتَكْبِرِينَ|N|ACT_PCPL	تکبر کرنے والے
أَتَى|V|PERF	آیا
سَّقْفُ|N|	چھت
تُشَٰٓقُّ|V|IMPF	تم جھگڑتے
ضُّرَّ|N|	تکلیف
يَكْرَهُ|V|IMPF	وہ ناپسند کرتے ہیں
ٱسْلُكِ|V|IMPV	چل
فُضِّلُ|V|PERF	فضیلت دیئے گئے
تَضْرِبُ|V|IMPF	تم بیان کرو
رَّزَقْ|V|PERF	ہم نے رزق دیا
حَرَّ|N|	گرمی
تُسْلِمُ|V|IMPF	تم فرمانبردار بنو
يُنكِرُ|V|IMPF	وہ انکار کرتے ہیں
بَغْىِ|N|	سرکشی
تَنقُضُ|V|IMPF	تم توڑو
يَبْلُو|V|IMPF	وہ آزماتا ہے
تَذُوقُ|V|IMPF	تم چکھو
صَدَد|V|PERF	تم نے روکا
نُحْيِيَ|V|IMPF	ہم زندہ کریں گے
سُلْطَٰنُ|N|	زور
مَوْعِظَةِ|N|	نصیحت
جَٰدِلْ|V|IMPV	بحث کر
عُوقِبْ|V|PERF	تم سزا دیے گئے
أَقْصَا|N|	سب سے دور
دِّيَارِ|N|	گھر
كَرَّةَ|N|	باری
يَسُۥٓـُٔ|V|IMPF	وہ بگاڑ دیں
عَلَ|V|PERF	وہ غالب آئے
مَحَوْ|V|PERF	ہم نے مٹا دیا
طَٰٓئِرَ|N|ACT_PCPL	شگون
عَجَّلْ|V|PERF	ہم نے جلدی دیا
نُفُوسِ|N|	نفس
تُعْرِضَ|V|IMPF	تو منہ موڑے
تَبْسُطْ|V|IMPF	تو پھیلا
سَيِّئُ|N|	برائی
تُلْقَىٰ|V|IMPF	تو ڈالا جائے گا
تَفْقَهُ|V|IMPF	تم سمجھتے ہو
ذَكَرْ|V|PERF	تو نے ذکر کیا
تَسْتَجِيبُ|V|IMPF	تم جواب دو گے
ضُّرِّ|N|	تکلیف
مُهْلِكُو|N|ACT_PCPL	ہلاک کرنے والے
نُخَوِّفُ|V|IMPF	ہم ڈراتے ہیں
أَسْجُدُ|V|IMPF	میں سجدہ کروں
عِدْ|V|IMPV	وعدہ کر
رِّيحِ|N|	ہوا
ثَبَّتْ|V|PERF	ہم نے ثابت قدم رکھا
عِنَبٍ|N|	انگور
تُفَجِّرَ|V|IMPF	تو جاری کرے
نَّقْرَؤُ|V|IMPF	ہم پڑھیں
يُبَشِّرَ|V|IMPF	وہ بشارت دے
جَٰعِلُونَ|N|ACT_PCPL	بنانے والے
فِتْيَةُ|N|	نوجوان
حِزْبَيْنِ|N|	دو گروہ
أْوُ|V|IMPV	پناہ لو
ذِرَاعَيْ|N|	دونوں بازو
ٱطَّلَعْ|V|PERF	تو جھانکتا
مُلِئْ|V|PERF	تو بھر دیا جاتا
أَسْمِعْ|V|IMPV	کیا خوب سننے والا
يَكْفُرْ|V|IMPF	کفر کرے
شَّرَابُ|N|	مشروب
رُّدِد|V|PERF	میں لوٹایا گیا
رِّيَٰحُ|N|	ہوائیں
أَشْهَد|V|PERF	میں نے حاضر کیا
مُضِلِّينَ|N|ACT_PCPL	بھٹکانے والے
نَادُ|V|IMPV	پکارو
مَهْلِكِ|N|	ہلاکت
سَفَرِ|N|	سفر
صَّخْرَةِ|N|	چٹان
أَذْكُرَ|V|IMPF	میں ذکر کروں
تُعَلِّمَ|V|IMPF	تو سکھائے
رَكِبَ|V|PERF	دونوں سوار ہوئے
خَرَقَ|V|PERF	اس نے پھاڑ دیا
خَرَقْ|V|PERF	تو نے پھاڑ دیا
لَقِيَ|V|PERF	دونوں ملے
أَتَيَ|V|PERF	دونوں آئے
أَبَ|V|PERF	انہوں نے انکار کیا
سَّفِينَةُ|N|	کشتی
غُلَٰمُ|N|	لڑکا
جِدَارُ|N|	دیوار
غُلَٰمَيْنِ|N|	دو لڑکے
كَنزَ|N|	خزانہ
أَتْلُوا۟|V|IMPF	میں پڑھوں گا
سَّدَّيْنِ|N|	دو پہاڑ
ٱنفُخُ|V|IMPV	پھونکو
ٱسْطَٰعُ|V|PERF	وہ طاقت رکھتے
يُحْسِنُ|V|IMPF	وہ اچھا کرتے ہیں
نَفِدَ|V|PERF	ختم ہو جائے
رَّأْسُ|N|	سر
مَوَٰلِىَ|N|	رشتہ دار
وَرَآءِ|N|	پیچھے
زَكَوٰةً|N|	پاکیزگی
ٱتَّخَذَتْ|V|PERF	اس نے بنا لیا
أَهَبَ|V|IMPF	میں عطا کروں
أَجَآءَ|V|PERF	لے آیا
تَحْتَ|N|LOC	نیچے
جِذْعِ|N|	تنا
ٱشْرَبِ|V|IMPV	پی
قَرِّ|V|IMPV	ٹھنڈی کر
تَرَيِ|V|IMPF	تو دیکھے
قُولِ|V|IMPV	کہہ
أَوْصَٰ|V|PERF	تاکید کی
وَٰلِدَتِ|N|	والدہ
وُلِد|V|PERF	میں پیدا ہوا
حَسْرَةِ|N|	حسرت
رَاغِبٌ|N|ACT_PCPL	منہ پھیرنے والا
أَضَاعُ|V|PERF	انہوں نے ضائع کیا
نَحْشُرَ|V|IMPF	ہم جمع کریں گے
نُحْضِرَ|V|IMPF	ہم حاضر کریں گے
نَنزِعَ|V|IMPF	ہم کھینچ نکالیں گے
وَارِدُ|N|ACT_PCPL	داخل ہونے والا
ضَّلَٰلَةِ|N|	گمراہی
أُوتَيَ|V|IMPF	دیا جائے گا
طَّلَعَ|V|PERF	مطلع ہو گیا
نَمُدُّ|V|IMPF	ہم بڑھائیں گے
تَنشَقُّ|V|IMPF	پھٹ جائے گی
تَخِرُّ|V|IMPF	گر پڑیں
عَدَّ|V|PERF	اس نے گن رکھا
تُبَشِّرَ|V|IMPF	تو بشارت دے
قَبَسٍ|N|	انگارہ
أُخْفِي|V|IMPF	میں چھپاؤں
ٱحْلُلْ|V|IMPV	کھول دے
أَشْرِكْ|V|IMPV	شریک کر دے
نُسَبِّحَ|V|IMPF	ہم تسبیح کریں
نَذْكُرَ|V|IMPF	ہم یاد کریں
يُلْقِ|V|IMPF	ڈال دے
يَأْخُذْ|V|IMPF	لے لے گا
تُصْنَعَ|V|IMPF	تو پرورش کیا جائے
نُخْلِفُ|V|IMPF	ہم خلاف کریں گے
سَٰحِرَٰنِ|N|ACT_PCPL	دو جادوگر
يَذْهَبَ|V|IMPF	دونوں لے جائیں
طَرِيقَتِ|N|	طریقہ
حِبَالُ|N|	رسیاں
ٱقْضِ|V|IMPV	فیصلہ کر
أَكْرَهْ|V|PERF	تو نے مجبور کیا
عَهْدُ|N|	مدت
مَّوْعِدِ|N|	وعدہ
قَذَفْ|V|PERF	ہم نے پھینک دیا
ؤُمَّ|N|	ماں
فَرَّقْ|V|PERF	تو نے تفرقہ ڈالا
تُخْلَفَ|V|IMPF	خلاف کیا جائے گا
إِلَٰهِ|N|	الہ
نَنسِفَ|V|IMPF	ہم اڑا دیں گے
يَنسِفُ|V|IMPF	وہ اڑا دے گا
دَّاعِىَ|N|ACT_PCPL	پکارنے والا
أَصْوَاتُ|N|	آوازیں
وَحْيُ|N|	وحی
عَصَىٰٓ|V|PERF	نافرمانی کی
ٱهْبِطَ|V|IMPV	دونوں اتر جاؤ
أَطْرَافَ|N|	کنارے
نَسْـَٔلُ|V|IMPF	ہم مانگتے ہیں
ٱسْتَمَعُ|V|PERF	انہوں نے سنا
نَّجْوَى|N|	سرگوشی
يَرْكُضُ|V|IMPF	وہ بھاگتے ہیں
تَرْكُضُ|V|IMPF	بھاگو
مِّ|V|PERF	تو مر گیا
تَمْنَعُ|V|IMPF	بچاتی ہے
أُنذِرُ|V|IMPF	میں خبردار کرتا ہوں
وَحْىِ|N|	وحی
نَضَعُ|V|IMPF	ہم رکھیں گے
ضِيَآءً|N|	روشنی
أَصْنَٰمَ|N|	بت
ٱنصُرُ|V|IMPV	مدد کرو
كُونِ|V|IMPV	ہو جا
تُحْصِنَ|V|IMPF	بچائے
إِدْرِيسَ|N|PN	ادریس
أَصْلَحْ|V|PERF	ہم نے درست کیا
ٱقْتَرَبَ|V|PERF	قریب آ گیا
فَزَعُ|N|	گھبراہٹ
تَتَلَقَّىٰ|V|IMPF	لینے آئیں گے
بَدَأْ|V|PERF	ہم نے ابتدا کی
نُّعِيدُ|V|IMPF	ہم لوٹائیں گے
سُكَٰرَىٰ|N|	مدہوش
تَوَلَّا|V|PERF	دوستی کی
ضَرُّ|N|	نقصان
سَبَبٍ|N|	رسی
حَمِيمُ|N|	کھولتا پانی
قَآئِمِينَ|N|ACT_PCPL	کھڑے ہونے والے
أَذِّن|V|IMPV	اعلان کر
يَطَّوَّفُ|V|IMPF	وہ طواف کریں
أَوْثَٰنِ|N|	بت
تَخْطَفُ|V|IMPF	اچک لیتے ہیں
مُقِيمِى|N|ACT_PCPL	قائم کرنے والے
يُقَٰتَلُ|V|IMPF	جنگ کیے جاتے ہیں
صَلَوَٰتٌ|N|	عبادت خانے
مَسَٰجِدُ|N|	مسجدیں
نَهَ|V|PERF	انہوں نے روکا
كُذِّبَ|V|PERF	جھٹلایا گیا
قَصْرٍ|N|	محل
أُمْنِيَّتِ|N|	تمنا
يَنسَخُ|V|IMPF	مٹا دیتا ہے
ذُّبَابُ|N|	مکھی
خَيْرَ|N|	بھلائی
سَمَّىٰ|V|PERF	اس نے نام رکھا
مَيِّتُونَ|N|	مرنے والے
أَسْكَ|V|PERF	ہم نے ٹھہرایا
بَشَرَيْنِ|N|	دو انسان
غَمْرَتِ|N|	غفلت
تَنكِصُ|V|IMPF	تم الٹے پاؤں پھرتے
عَلَا|V|PERF	غالب آتا
تُرِيَ|V|IMPF	تو دکھائے
يَحْضُرُ|V|IMPF	وہ حاضر ہوں
قَآئِلُ|N|ACT_PCPL	کہنے والا
تَأْخُذْ|V|IMPF	پکڑے
يَشْهَدْ|V|IMPF	حاضر ہو
تَقْبَلُ|V|IMPF	تم قبول کرو
كِبْرَ|N|	بڑا حصہ
تَلَقَّ|V|IMPF	تم لیتے تھے
خَبِيثَٰتُ|N|	ناپاک عورتیں
خَبِيثَٰتِ|N|	ناپاک عورتیں
طَّيِّبِينَ|N|	پاکیزہ مرد
طَّيِّبُونَ|N|	پاکیزہ مرد
تُسَلِّمُ|V|IMPF	تم سلام کرو
يَحْفَظْ|V|IMPF	وہ حفاظت کریں
طِّفْلِ|N|	بچے
يُعْلَمَ|V|IMPF	جانا جائے
يُخْفِي|V|IMPF	وہ چھپاتی ہیں
يَكُونً|V|IMPF	ہو جائے گا
سُلْطَٰنٍۭ|N|	دلیل
شَجَرَةً|N|	ایک درخت
نُّطْفَةَ|N|	نطفہ
كَانُ|V|PERF	تھے
كُن|V|PERF	تھے / تھا
رَبَّ|N|	رب
سَّمَٰوَٰتِ|N|	آسمانوں
أَيُّ|N|	(اے)
ٱللَّهِ|N|PN	اللہ
يَقُولُ|V|IMPF	وہ کہتا ہے / کہتے ہیں
رَبُّ|N|	رب
حَقِّ|N|	حق
يَعْلَمُ|V|IMPF	جانتا ہے / جانتے ہیں
يُؤْمِنُ|V|IMPF	ایمان لاتا ہے / لاتے ہیں
ـَٔايَٰتِ|N|	آیات
يَوْمَ|N|T	دن
ءَايَٰتِ|N|	آیات
سَّمَآءِ|N|	آسمان
ءَاتَيْ|V|PERF	دیا
كُ|V|PERF	تھے / ہوں
تَعْمَلُ|V|IMPF	عمل کرتے ہو
ٱتَّقُ|V|IMPV	ڈرو
أَنفُسِ|N|	جانوں / نفسوں
أَرْسَلْ|V|PERF	بھیجا
عَمِلُ|V|PERF	عمل کیے
يَوْمَ|N|	دن
ئِذٍ|N|T	اس
أَنفُسَ|N|	جانیں / نفس
أَنزَلْ|V|PERF	نازل کیا
ظَلَمُ|V|PERF	ظلم کیا
أَيْدِي|N|	ہاتھوں / آگے
يَرَ|V|IMPF	دیکھتے ہیں / دیکھا
نَفْسِ|N|	نفس / جان
فَضْلِ|N|	فضل
رَسُولَ|N|	رسول
غَيْبِ|N|	غیب
جَآءَتْ|V|PERF	آئی / آئے
أُوتُ|V|PERF	دیے گئے
أَوَّلِينَ|N|	پہلے لوگ
ٱعْبُدُ|V|IMPV	عبادت کرو
ٱذْكُرُ|V|IMPV	یاد کرو
أَهْلَكْ|V|PERF	ہلاک کیا
تُكَذِّبَ|V|IMPF	جھٹلاؤ گے
تَتَّقُ|V|IMPF	تم بچو
تَعْبُدُ|V|IMPF	تم عبادت کرتے ہو
يَدْعُ|V|IMPF	پکارتا ہے / پکارتے ہیں
ٱتَّخَذُ|V|PERF	بنا لیا
تَدْعُ|V|IMPF	تم پکارتے ہو
تَكُونُ|V|IMPF	ہو
يَكُونُ|V|IMPF	ہوتا ہے / ہوں
مُؤْمِنُونَ|N|ACT_PCPL	ایمان لانے والے
مَوْتِ|N|	موت
حَقَّ|N|	حق
كُلُ|V|IMPV	کھاؤ
بَيِّنَٰتِ|N|	روشن نشانیاں
نَّهَارِ|N|	دن
جَنَّةِ|N|PN	جنت
ٱعْلَمُ|V|IMPV	جان لو
يَنظُرُ|V|IMPF	دیکھتے ہیں / انتظار کرتے ہیں
تَأْكُلُ|V|IMPF	کھاؤ / کھاتے ہو
ءَاتَىٰ|V|PERF	دیا
أَوْحَيْ|V|PERF	وحی کی
تَعْقِلُ|V|IMPF	تم سمجھتے ہو
مُرْسَلِينَ|N|PASS_PCPL	رسول / بھیجے ہوئے
قُرْءَانَ|N|PN	قرآن
يُنفِقُ|V|IMPF	وہ خرچ کرتے ہیں
مَ|N|INTG	کیا
ٱتَّبَعُ|V|PERF	پیروی کی
إِيمَٰنِ|N|VN	ایمان
يَعْقِلُ|V|IMPF	وہ سمجھتے ہیں
يَسْـَٔلُ|V|IMPF	پوچھتے ہیں
ذُوقُ|V|IMPV	چکھو
يَسْمَعُ|V|IMPF	سنتے ہیں
جَآءُ|V|PERF	آئے
ٱدْخُلُ|V|IMPV	داخل ہو جاؤ
تُؤْمِنُ|V|IMPF	ایمان لاؤ / لاتے ہو
رَّسُولَ|N|	رسول
أَعْمَٰلَ|N|	اعمال
كَٰفِرُونَ|N|ACT_PCPL	کافر
يَمِينِ|N|	دایاں / قسم
رَزَقْ|V|PERF	رزق دیا
يَأْتُ|V|IMPF	آئیں
تَوَلَّ|V|PERF	منہ موڑا
مَا|N|INTG	کیا
رَسُولُ|N|	رسول
ٱسْتَكْبَرُ|V|PERF	تکبر کیا
يُشْرِكُ|V|IMPF	وہ شریک کرتے ہیں
تَكْفُرُ|V|IMPF	کفر کرتے ہو / کرو
تُرْجَعُ|V|IMPF	لوٹائے جاؤ گے
ٱتَّقَ|V|PERF	تقویٰ اختیار کیا
رَحْمَتِ|N|	رحمت
رَأَ|V|PERF	دیکھا
يَتَّقُ|V|IMPF	ڈرتے ہیں
عِقَابِ|N|	سزا
حِسَابِ|N|VN	حساب
أَنْعَٰمِ|N|	مویشی
مُكَذِّبِينَ|N|ACT_PCPL	جھٹلانے والے
مُنَٰفِقِينَ|N|ACT_PCPL	منافق
جَنَّةَ|N|PN	جنت
يَفْعَلُ|V|IMPF	کرتا ہے / کرتے ہیں
رُسُلِ|N|	رسولوں
ءَايَٰتُ|N|	آیات
سَّمَآءَ|N|	آسمان
نَجَّيْ|V|PERF	نجات دی
مُوسَىٰ|N|PN	موسیٰ
عَلِمْ|V|PERF	جان لیا
أَنفُسُ|N|	جانیں / نفس
كُفْرِ|N|	کفر
جَحِيمِ|N|	جہنم
بَيْتِ|N|	گھر
يَأْتِ|V|IMPF	آئے
ذُنُوبِ|N|	گناہوں
يَفْتَرُ|V|IMPF	گھڑتے ہیں
يَجِدُ|V|IMPF	پائیں
أَيْدِيَ|N|	ہاتھ
يَفْقَهُ|V|IMPF	سمجھتے ہیں
تَذَكَّرُ|V|IMPF	نصیحت پکڑو
أَخَا|N|	بھائی
يَرْجِعُ|V|IMPF	وہ لوٹتے ہیں
تَفْعَلُ|V|IMPF	کرو / کرتے ہو
ءَاتُ|V|IMPV	دو / ادا کرو
مَوْتَىٰ|N|	مردے
أَعْمَٰلُ|N|	اعمال
رَّسُولُ|N|	رسول
أَزْوَٰجِ|N|	بیویوں
يُنَبِّئُ|V|IMPF	خبر دے گا
شَّمْسَ|N|	سورج
شِئْ|V|PERF	چاہا / چاہو
عَهْدِ|N|	عہد
أَنجَيْ|V|PERF	نجات دی
يَكْسِبُ|V|IMPF	کماتا ہے / کماتے ہیں
ٱتَّبِعُ|V|IMPV	پیروی کرو
يَأْكُلُ|V|IMPF	کھاتا ہے / کھاتے ہیں
يُقَٰتِلُ|V|IMPF	لڑتے ہیں
كَسَبُ|V|PERF	کمایا
أَصَابَ|V|PERF	پہنچا
سَيِّـَٔاتِ|N|	برائیاں
يَسْتَطِيعُ|V|IMPF	وہ استطاعت رکھتے ہیں
يُظْلَمُ|V|IMPF	ظلم کیے جائیں گے
سَبِّحْ|V|IMPV	تسبیح کر
أَمْرَ|N|	حکم / معاملہ
قِيلَ|V|PERF	کہا گیا
مُؤْمِنَٰتِ|N|ACT_PCPL	مومن عورتیں
وَجَدْ|V|PERF	پایا
سَّاعَةُ|N|	قیامت / وہ گھڑی
جِبَالُ|N|	پہاڑ
سَّمَآءُ|N|	آسمان
يَجْعَلُ|V|IMPF	بناتا ہے / بناتے ہیں
أْتُ|V|IMPV	آؤ / لاؤ
يُمِيتُ|V|IMPF	موت دیتا ہے
دِيَٰرِ|N|	گھروں
تَقْتُلُ|V|IMPF	قتل کرتے ہو / کرو
مَسْجِدِ|N|	مسجد
مَوْلَىٰ|N|	مولیٰ / مددگار
يُضِلُّ|V|IMPF	بھٹکاتا ہے / بھٹکاتے ہیں
أَيْمَٰنُ|N|	دائیں ہاتھ / قسمیں
تَرَكْ|V|PERF	چھوڑا
رَزَقَ|V|PERF	رزق دیا
يَسْتَهْزِءُ|V|IMPF	مذاق اڑاتے ہیں
أُمِرْ|V|PERF	حکم دیا گیا
مَسَّ|V|PERF	چھوا
ءَامِنُ|V|IMPV	ایمان لاؤ
يَحْزَنُ|V|IMPF	غمگین ہوں گے
يَظْلِمُ|V|IMPF	ظلم کرتے
خُذُ|V|IMPV	پکڑو / لے لو
تَجِدُ|V|IMPF	تم پاؤ گے
يَدْخُلُ|V|IMPF	داخل ہوں
أَهْوَآءَ|N|	خواہشات
تَأْتُ|V|IMPF	تم آتے ہو / آؤ
ٱتَّبَعَ|V|PERF	پیروی کی
مُفْسِدِينَ|N|ACT_PCPL	فساد کرنے والے
يَخَافُ|V|IMPF	ڈرتا ہے / ڈرتے ہیں
مُسْلِمِينَ|N|PN	مسلمان
سَّاعَةِ|N|	قیامت / وہ گھڑی
سَخَّرَ|V|PERF	مسخر کیا
مَآ|N|INTG	کیا
قُولُ|V|IMPV	کہو
يَقْتُلُ|V|IMPF	قتل کرتے ہیں
رُّسُلِ|N|	رسولوں
أَشْرَكُ|V|PERF	شرک کیا
وُجُوهَ|N|	چہرے
تَتَّبِعُ|V|IMPF	پیروی کرو
يَهْتَدُ|V|IMPF	ہدایت پاتے ہیں
قَٰتِلُ|V|IMPV	لڑو
يَرْجُ|V|IMPF	امید رکھتے ہیں
يَقْدِرُ|V|IMPF	تنگ کرتا ہے / قدرت رکھتے ہیں
شَّهَٰدَةِ|N|	گواہی / حاضر
بُيُوتِ|N|	گھروں
يَصُدُّ|V|IMPF	روکتے ہیں / رکتے ہیں
ضَلُّ|V|PERF	بھٹک گئے
مُوسَىٰٓ|N|PN	موسیٰ
بَرِّ|N|	خشکی
كَٰذِبُونَ|N|ACT_PCPL	جھوٹے
ذَرْ|V|IMPV	چھوڑ دے
إِنسِ|N|	انسان
تُوعَدُ|V|IMPF	وعدہ کیے جاتے ہو
تَرَ|V|IMPF	تم دیکھتے ہو / دیکھا
سَّاعَةَ|N|	قیامت / وہ گھڑی
يُنصَرُ|V|IMPF	مدد کیے جائیں گے
أَبْنَآءَ|N|	بیٹوں
مَوْتُ|N|	موت
رَحْمَةٌ|N|	رحمت
إِلَٰهُ|N|	الہ / معبود
يُحِبُّ|V|IMPF	محبت رکھتا ہے / رکھتے ہیں
تَبْتَغُ|V|IMPF	تم تلاش کرو
جَٰهَدُ|V|PERF	جہاد کیا
فَعَلْ|V|PERF	کیا
أَنفَقُ|V|PERF	خرچ کیا
تُنفِقُ|V|IMPF	تم خرچ کرو / کرتے ہو
أَطَعْ|V|PERF	اطاعت کی
هَدَيْ|V|PERF	ہدایت دی
خَيْرِ|N|	خیر / بھلائی
نَسُ|V|PERF	بھول گئے
أَسْـَٔلُ|V|IMPF	میں سوال کرتا ہوں
تَوَكَّلْ|V|PERF	بھروسہ کیا
خَلْقَ|N|	پیدائش
نِعْمَتِ|N|	نعمت
أَوْفُ|V|IMPV	پورا کرو
ٱتَّخَذْ|V|PERF	بنا لیا
ٱقْتُلُ|V|IMPV	قتل کرو
كُونُ|V|IMPV	ہو جاؤ
مَوْتَ|N|	موت
فَٰسِقُونَ|N|ACT_PCPL	فاسق
يُعَلِّمُ|V|IMPF	سکھاتا ہے / سکھاتے ہیں
يَخْتَلِفُ|V|IMPF	اختلاف کرتے ہیں
تَأْتِي|V|IMPF	آتی ہے
تَابُ|V|PERF	توبہ کی
تُحِبُّ|V|IMPF	تم پسند کرتے ہو / کرو
خِفْ|V|PERF	ڈرے
يَدِ|N|	ہاتھ
ذُو|N|	والا
أَخْرَجْ|V|PERF	نکالا
أَقَامُ|V|PERF	قائم کی
أُوتِي|V|PERF	دیے گئے / دیا گیا
تُشْرِكُ|V|IMPF	تم شریک ٹھہراتے ہو / ٹھہراؤ
يُؤْتُ|V|IMPF	دیتے ہیں
كُلًّا|N|	ہر ایک
صَدُّ|V|PERF	روکا
أَصْبَحُ|V|PERF	ہو گئے
نَّعِيمِ|N|	نعمت
نَكُونَ|V|IMPF	ہم ہوں
وَجْهَ|N|	چہرہ / ذات
غَيْرَ|N|	سوا / علاوہ
كَانَ|V|PERF	تھا / ہے
أَصَبْ|V|PERF	پہنچایا
أَطَاعُ|V|PERF	انہوں نے اطاعت کی
يُرْزَقُ|V|IMPF	رزق دیے جاتے ہیں
نِعْمَةٍ|N|	نعمت
يَزْدَادُ|V|IMPF	وہ بڑھ جائیں
أُدْخِلَ|V|PERF	داخل کیا گیا
غُرُورِ|N|	دھوکا
قُعُودًا|N|VN	بیٹھے ہوئے
جُنُوبِ|N|	پہلو
تَوَفَّ|V|IMPV	فوت کر
تُخْزِ|V|IMPF	رسوا کر
أُوذُ|V|PERF	ستائے گئے
أُكَفِّرَ|V|IMPF	دور کروں گا
أُدْخِلَ|V|IMPF	داخل کروں گا
أَرْحَامَ|N|	رشتے
ٱنكِحُ|V|IMPV	نکاح کرو
ٱرْزُقُ|V|IMPV	رزق دو
بَلَغُ|V|PERF	وہ پہنچے
يَأْكُلْ|V|IMPF	کھائے / کھائیں
ذَّكَرِ|N|	مرد
وَرِثَ|V|PERF	وارث ہوا
أَبْنَآؤُ|N|	بیٹے
أَعْرِضُ|V|IMPV	منہ موڑ لو
يَمُوتُ|V|IMPF	وہ مرتے ہیں
كَرِهْ|V|PERF	ناپسند کیا
أَخَوَٰتُ|N|	بہنیں
أَرْضَعْ|V|PERF	دودھ پلایا
ٱكْتَسَبُ|V|PERF	انہوں نے کمایا
ٱبْعَثُ|V|IMPV	بھیجو
يُرِيدَ|V|IMPF	دونوں چاہیں
جَارِ|N|	پڑوسی
جَنۢبِ|N|	پہلو
يُضَٰعِفْ|V|IMPF	دوگنا کرے
تَضِلُّ|V|IMPF	بھٹک جاؤ
ٱسْمَعْ|V|IMPV	سن
لَعَ|V|PERF	لعنت کی
حَكَمْ|V|PERF	فیصلہ کیا
ٱسْتَغْفَرَ|V|PERF	بخشش مانگی
يُبَيِّتُ|V|IMPF	رات کو مشورے کرتے ہیں
أَمْنِ|N|	امن
رَدُّ|V|PERF	لوٹایا
يَأْمَنُ|V|IMPF	امن سے رہیں
يَكُفُّ|V|IMPF	روکیں
أَقَمْ|V|PERF	قائم کیا
تَرْجُ|V|IMPF	امید رکھتے ہو
جَٰدَلْ|V|PERF	جھگڑا کیا
ءَامُرَ|V|IMPF	حکم دوں گا
يَسْتَفْتُ|V|IMPF	فتویٰ مانگتے ہیں
تَقُومُ|V|IMPF	قائم رہو / کھڑے ہو
بَعْلِ|N|	شوہر
تَسْتَطِيعُ|V|IMPF	استطاعت رکھتے ہو
هَوَىٰٓ|N|	خواہش
تُعْرِضُ|V|IMPF	منہ موڑو
ٱعْتَصَمُ|V|PERF	مضبوطی سے پکڑا
شَكَرْ|V|PERF	شکر ادا کیا
رُسُلًا|N|	رسول
ٱنتَهُ|V|IMPV	باز آجاؤ
أَمْسَكْ|V|PERF	روک رکھا
ٱعْدِلُ|V|IMPV	عدل کرو
كَفَّ|V|PERF	روک دیا
رِضْوَٰنَ|N|	رضا
نَّدْخُلَ|V|IMPF	ہم داخل ہوں
تَوَكَّلُ|V|IMPV	بھروسہ کرو
أَقْتُلَ|V|IMPF	میں قتل کروں
تَقْدِرُ|V|IMPF	قابو پاؤ
ٱحْذَرْ|V|IMPV	ہوشیار رہ
يُصْبِحُ|V|IMPF	ہوجائیں
نَادَيْ|V|PERF	پکارا
لُعِنُ|V|PERF	لعنت کیے گئے
رِسَالَتَ|N|	پیغام
عَمُ|V|PERF	اندھے ہوگئے
يَأْكُلَ|V|IMPF	کھائے / دونوں کھاتے
سَّيَّارَةِ|N|	قافلہ
حُرِّمَ|V|PERF	حرام کیا گیا
يُقْسِمَ|V|IMPF	دونوں قسم کھائیں
يَقُومَ|V|IMPF	کھڑے ہوں / قائم ہوں
شَهَٰدَتُ|N|	گواہی
تُعَذِّبْ|V|IMPF	عذاب دے
رَحِمَ|V|PERF	رحم کیا
يَزِرُ|V|IMPF	بوجھ اٹھاتے ہیں
أَمْثَالُ|N|	مانند
يَجْعَلْ|V|IMPF	کردے / بنایا
يَكْشِفُ|V|IMPF	دور کرتا ہے
نُهِي|V|PERF	روکا گیا
تَوَفَّتْ|V|PERF	فوت کیا
يُنَجِّي|V|IMPF	بچاتا ہے
حُجَّتُ|N|	حجت
نَّخْلِ|N|	کھجور
حَفِيظٍ|N|ACT_PCPL	نگہبان
نُبَيِّنَ|V|IMPF	ہم بیان کریں
نُقَلِّبُ|V|IMPF	ہم الٹ پلٹ کرتے ہیں
يَقْتَرِفُ|V|IMPF	کمائیں
ٱسْتَكْثَرْ|V|PERF	بہت زیادہ لیا
يَقُصُّ|V|IMPF	بیان کرتے ہیں
ءَاتٍ|N|ACT_PCPL	آنے والا
يَجْزِي|V|IMPF	بدلہ دیتا ہے
نَّخْلَ|N|	کھجور کے درخت
تُسْرِفُ|V|IMPF	حد سے گزرو
ذَّكَرَيْنِ|N|	دو نر
عِلْمٍ|N|	علم
غَنَمِ|N|	بکریاں
فَرَّقُ|V|PERF	تفرقہ ڈالا
صَّٰغِرِينَ|N|ACT_PCPL	ذلیل ہونے والے
وَسْوَسَ|V|PERF	وسوسہ ڈالا
سَوْءَٰتُ|N|	شرمگاہیں
ضَّلَٰلَةُ|N|	گمراہی
ـَٔاتِ|V|IMPV	دے
أُورِثْ|V|PERF	وارث بنائے گئے
يَطْمَعُ|V|IMPF	امید رکھتا ہے / رکھتے ہیں
جَمْعُ|N|	جتھا
أَقْسَمْ|V|PERF	قسم کھائی
نَنسَىٰ|V|IMPF	ہم بھلا دیں گے
يَشْفَعُ|V|IMPF	سفارش کریں
إِصْلَٰحِ|N|VN	اصلاح
سُقْ|V|PERF	ہم نے چلایا
نَظُنُّ|V|IMPF	ہم سمجھتے ہیں
صَٰلِحُ|N|PN	صالح
نَصَحْ|V|PERF	میں نے خیر خواہی کی
سَبَقَ|V|PERF	سبقت لے گیا
أَمِنُ|V|PERF	بےخوف ہوگئے
أَنۢبَآئِ|N|	خبریں
بَيِّنَةٍ|N|	ایک واضح دلیل
نَزَعَ|V|PERF	کھینچ نکالا
أَرْجِ|V|IMPV	ڈھیل دے
يَأْفِكُ|V|IMPF	جھوٹ گھڑتے ہیں
وَقَعَ|V|PERF	واقع ہوا
يَسْتَخْلِفَ|V|IMPF	جانشین بنائے
مُوسَى|N|PN	موسیٰ
نُرْسِلَ|V|IMPF	ہم بھیجیں
يَنكُثُ|V|IMPF	وہ توڑتے ہیں
أَصْلِحْ|V|IMPV	اصلاح کر
جَبَلِ|N|	پہاڑ
أُو۟رِي|V|IMPF	میں دکھاؤں گا
عَجِلْ|V|PERF	جلدی کی
أَلْوَاحَ|N|	تختیاں
تُهْلِكُ|V|IMPF	ہلاک کرتا ہے
أَغْلَٰلَ|N|	طوق
خَطِيٓـَٰٔتِ|N|	خطائیں
نَبْلُو|V|IMPF	ہم آزماتے ہیں
حَسَنَٰتِ|N|	نیکیاں
قَصَصَ|N|	قصہ / قصے
أُمْلِى|V|IMPF	میں ڈھیل دیتا ہوں
سُّوٓءُ|N|	برائی
يَنزَغَ|V|IMPF	وسوسہ ڈالے
ٱسْتَمِعُ|V|IMPV	غور سے سنو
يُثَبِّتَ|V|IMPF	جما دے
رَمَيْ|V|PERF	پھینکا
تَنتَهُ|V|IMPF	باز آؤ
أَسْمَعَ|V|PERF	سنوا دیا
ٱسْتَجِيبُ|V|IMPV	قبول کرو
نَّصِيرُ|N|	مددگار
يَقْضِىَ|V|IMPF	پورا کردے
تَخَافَ|V|IMPF	ڈرے / ڈرو
ٱسْتَقِيمُ|V|IMPV	سیدھے رہو
يَرْقُبُ|V|IMPF	لحاظ کریں
نَّكَثُ|V|PERF	توڑ دیا
إِخْرَاجِ|N|VN	نکالنا
تُتْرَكُ|V|IMPF	چھوڑ دیے جاؤ
رِضْوَٰنٍ|N|	رضا
وَلَّيْ|V|PERF	پھر گئے
عَذَّبَ|V|PERF	عذاب دیا
يُغْنِي|V|IMPF	بےنیاز کردے گا
نُورَ|N|	نور
أَعْمَٰلِ|N|	اعمال
تَنفِرُ|V|IMPF	نکلو
تَضُرُّ|V|IMPF	نقصان دو گے
تَعْلَمَ|V|IMPF	جان لے
ٱبْتَغَ|V|PERF	انہوں نے تلاش کیا
تُعْجِبْ|V|IMPF	پسند آئے
نَسِيَ|V|PERF	بھلا دیا
يُطِيعُ|V|IMPF	اطاعت کرتا ہے / کرتے ہیں
يَرْحَمُ|V|IMPF	رحم کرتا ہے
نَقَمُ|V|PERF	ناراض ہوئے
ٱسْتَـْٔذَنُ|V|PERF	اجازت مانگی
خُرُوجِ|N|	نکلنا
تَخْرُجُ|V|IMPF	نکلو
طُبِعَ|V|PERF	مہر لگا دی گئی
سَّبِيلُ|N|	راستہ
صَلَوَٰتِ|N|	دعائیں / نمازیں
نُعَذِّبُ|V|IMPF	ہم عذاب دیں گے
صَلِّ|V|IMPV	دعا کر / نماز پڑھ
يَحْذَرُ|V|IMPF	ڈرتے ہیں
قُرُونَ|N|	قومیں
قُرْءَانٍ|N|PN	قرآن
تُنَبِّـُٔ|V|IMPF	خبر دیتے ہو
رِيحٍ|N|	ہوا
ٱخْتَلَطَ|V|PERF	رل مل گیا
تُصْرَفُ|V|IMPF	پھیرے جاتے ہو
عُمْىَ|N|	اندھے
تُفِيضُ|V|IMPF	مشغول ہوتے ہو
يُحِقُّ|V|IMPF	ثابت کرتا ہے
ٱجْعَلُ|V|IMPV	بناؤ / رکھ دو
بَوَّأْ|V|PERF	ہم نے ٹھکانہ دیا
يَقْرَءُ|V|IMPF	پڑھتے ہیں
خِزْىِ|N|	رسوائی
يُرِدْ|V|IMPF	ارادہ کرے
صَدْرُ|N|	سینہ
وَحْيِ|N|	وحی
تَسْخَرُ|V|IMPF	مذاق اڑاتے ہو
فَارَ|V|PERF	جوش مارا
تَسْـَٔلْ|V|IMPF	سوال کر
أَعِظُ|V|IMPF	میں نصیحت کرتا ہوں
جَحَدُ|V|PERF	انکار کیا
أُتْبِعُ|V|PERF	پیچھے لگائے گئے
ءَاتِي|N|ACT_PCPL	آنے والا
ضَاقَ|V|PERF	تنگ ہوا
تُخْزُ|V|IMPF	رسوا کرو
لُوطُ|N|PN	لوط
مَوْعِدَ|N|	مقررہ وقت / وعدہ
صُّبْحُ|N|	صبح
سَافِلَ|N|ACT_PCPL	نچلا حصہ
بَعِيدٍ|N|	دور
ٱخْتُلِفَ|V|PERF	اختلاف کیا گیا
ٱسْتَقِمْ|V|IMPV	قائم رہ
قَصَصِ|N|	قصہ / قصے
رَٰوَدَتْ|V|PERF	پھسلانا چاہا
مَكْرِ|N|	چال
أَكُن|V|IMPF	میں ہوجاؤں
أُخَرَ|N|	دوسری
بِضَٰعَتَ|N|	پونجی
مَتَٰعَ|N|	سامان
أَقْبَلُ|V|PERF	متوجہ ہوئے
عَيْنَا|N|	دونوں آنکھیں
ٱرْتَدَّ|V|PERF	لوٹ آیا / ہوگیا
أَغْلَٰلُ|N|	طوق
يَحْفَظُ|V|IMPF	حفاظت کرتے ہیں
ظُّلُمَٰتُ|N|	اندھیرے
ٱفْتَدَ|V|PERF	فدیہ دیا
حُسْنُ|N|	اچھائی / حسن
نَنقُصُ|V|IMPF	ہم گھٹاتے ہیں
أَطْرَافِ|N|	کنارے
تُخْرِجَ|V|IMPF	تو نکالے
سُبُلَ|N|	راستے
رِّيحُ|N|	ہوا
شَجَرَةٍ|N|	ایک درخت
بَدَّلُ|V|PERF	بدل دیا
أَضْلَلْ|V|PERF	بھٹکا دیا
سَكَن|V|PERF	رہے
مَكْرَ|N|	چال
ظَلُّ|V|PERF	ہوگئے
مَدَدْ|V|PERF	ہم نے پھیلایا
نُمِيتُ|V|IMPF	ہم موت دیتے ہیں
وَٰرِثُونَ|N|ACT_PCPL	وارث
جَآنَّ|N|ACT_PCPL	جن
سَوَّيْ|V|PERF	میں نے درست کیا
قَعُ|V|IMPV	گر پڑو
سَجَدَ|V|PERF	سجدہ کیا
إِبْلِيسُ|N|PN	ابلیس
مُخْرَجِينَ|N|PASS_PCPL	نکالے جانے والے
نُبَشِّرُ|V|IMPF	ہم بشارت دیتے ہیں
تَمُدَّ|V|IMPF	دراز کر
عَيْنَيْ|N|	دونوں آنکھیں
بَٰلِغِي|N|ACT_PCPL	پہنچنے والے
تَتَوَفَّىٰ|V|IMPF	فوت کرتے ہیں
عَبَدْ|V|PERF	ہم عبادت کرتے
نُبَوِّئَ|V|IMPF	ہم ٹھکانہ دیں گے
تُبَيِّنَ|V|IMPF	تو بیان کرے
يُؤْمَرُ|V|IMPF	حکم دیے جاتے ہیں
وَجْهُ|N|	چہرہ
كُلِ|V|IMPV	کھا
تَقِي|V|IMPF	بچاتے ہیں
إِحْسَٰنِ|N|VN	احسان
أَنْعُمِ|N|	نعمتیں
ٱجْتَبَىٰ|V|PERF	چن لیا
عَاقَبْ|V|PERF	بدلہ لیا
أَمْدَدْ|V|PERF	ہم نے مدد دی
أَحْسَن|V|PERF	بھلائی کی
دُعَآءَ|N|	دعا / پکار
عُنُقِ|N|	گردن
وَلِيِّ|N|	سرپرست
تَظُنُّ|V|IMPF	گمان کرتے ہو
كِد|V|PERF	قریب تھا
نَذْهَبَ|V|IMPF	ہم لے جائیں
إِنسُ|N|	انسان
مُهْتَدِ|N|ACT_PCPL	ہدایت پانے والا
ٱبْتَغِ|V|IMPV	تلاش کر
يَنظُرْ|V|IMPF	دیکھے
ٱبْنُ|V|IMPV	بناؤ
قَلْبَ|N|	دل
نَخْلٍ|N|	کھجور کے درخت
جَنَّتَ|N|	باغ
وَلَدًا|N|	اولاد
جَنَّتِ|N|	باغ / جنت
بَٰقِيَٰتُ|N|ACT_PCPL	باقی رہنے والیاں
وُضِعَ|V|PERF	رکھا گیا
أُنذِرُ|V|PERF	ڈرائے گئے
عَجَّلَ|V|PERF	جلدی دی
سَّفِينَةِ|N|	کشتی
خَشِي|V|PERF	ڈر ہوا
عَرَضْ|V|PERF	ہم نے پیش کیا
زَكَرِيَّآ|N|PN	زکریا
سَبِّحُ|V|IMPV	تسبیح کرو
بَرًّۢا|N|	نیک
أَهْدِ|V|IMPF	میں رہنمائی کروں
نَٰدَيْ|V|PERF	ہم نے پکارا
يَمْدُدْ|V|IMPF	ڈھیل دے / تان لے
يَتَفَطَّرْ|V|IMPF	پھٹ پڑیں
تَشْقَىٰٓ|V|IMPF	تو مصیبت میں پڑے
سِّرَّ|N|	راز
ٱسْتَمِعْ|V|IMPV	غور سے سن
نُعِيدُ|V|IMPF	ہم لوٹائیں گے
ٱقْذِفِ|V|IMPV	ڈال دے
عَيْنُ|N|	آنکھ
أْتِيَ|V|IMPV	تم دونوں آؤ / جاؤ
نَأْتِيَ|V|IMPF	ہم لائیں گے / آئیں گے
سَّاحِرُ|N|ACT_PCPL	جادوگر
طَالَ|V|PERF	لمبا ہوگیا
حُمِّلْ|V|PERF	اٹھوائے گئے
قَبَضْ|V|PERF	اٹھا لیا / سمیٹ لیا
ظَلْ|V|PERF	رہا / رہے
ٱجْتَبَٰ|V|PERF	چن لیا
نَتَّبِعَ|V|IMPF	ہم پیروی کریں
يَسْبِقُ|V|IMPF	آگے بڑھتے ہیں
عُمُرُ|N|	عمر
ـَٔالِهَتِ|N|	معبود
نَصَرْ|V|PERF	ہم نے مدد کی
يُسَبِّحْ|V|IMPF	تسبیح کرتے ہیں
كِفْلِ|N|	کفل
فَرْجَ|N|	شرمگاہ
سَعْيِ|N|	کوشش
رَبَتْ|V|PERF	پھول گئی
أُعِيدُ|V|PERF	لوٹائے گئے
هُدُ|V|PERF	رہنمائی کیے گئے
طَهِّرْ|V|IMPV	پاک کر
أَطْعِمُ|V|IMPV	کھلاؤ
يَقْضُ|V|IMPF	پورا کریں / فیصلہ کرتے ہیں
أَسْلِمُ|V|IMPV	فرمانبردار بن جاؤ
سَعَ|V|PERF	کوشش کی
جَٰدَلُ|V|PERF	جھگڑا کیا
فُرُوجِ|N|	شرمگاہیں
عَادُونَ|N|ACT_PCPL	حد سے گزرنے والے
تَقَطَّعُ|V|PERF	ٹکڑے ٹکڑے کر ڈالا
مُنزِلِينَ|N|ACT_PCPL	اتارنے والے / مہمان نواز
أَيَّتُ|N|	(اے)
كَلِمَٰتِ|N|	کلمات / باتیں
قُرَىٰ|N|	بستیاں
غَيْرُ|N|	سوا / غیر
أُرْسِلْ|V|PERF	بھیجا گیا
رُسُلَ|N|	رسولوں / فرشتوں
دَخَلُ|V|PERF	داخل ہوئے
عِلْمَ|N|	علم
وَجَدَ|V|PERF	پایا
يُوعَدُ|V|IMPF	وعدہ کیے جاتے ہیں
تُكَذِّبُ|V|IMPF	جھٹلاتے ہو
يُقِيمُ|V|IMPF	قائم کرتے ہیں / کریں
أَخْرَجَ|V|PERF	اس نے نکالا
تَجْعَلُ|V|IMPF	بناتے ہو / بناؤ
سَوَّىٰ|V|PERF	درست کیا / برابر کیا
ٱسْجُدُ|V|IMPV	سجدہ کرو
تَأْمُرُ|V|IMPF	حکم دیتے ہو / دیتی ہے
تَهْتَدُ|V|IMPF	ہدایت پاؤ
يُرِي|V|IMPF	دکھاتا ہے
عَصَيْ|V|PERF	نافرمانی کی
أَحَدُ|N|	ایک / کوئی ایک
ٱتَّبَعْ|V|PERF	پیروی کی
وَجْهِ|N|	چہرہ / ذات
يَعْرِفُ|V|IMPF	پہچانتے ہیں
يَسْتَجِيبُ|V|IMPF	جواب دیں
أَنفِقُ|V|IMPV	خرچ کرو
هَاجَرُ|V|PERF	ہجرت کی
شَّمْسِ|N|	سورج
ذَرُ|V|IMPV	چھوڑ دو
أُخْرَىٰ|N|	دوسری
يَتَوَكَّلِ|V|IMPF	بھروسہ کرے
سَّمَٰوَٰتُ|N|	آسمان
فَعَلُ|V|PERF	کیا
تَوَكَّلْ|V|IMPV	بھروسہ کر
خَلْفِ|N|	پیچھے
أَيْمَٰنَ|N|	قسمیں
رَضُ|V|PERF	راضی ہوگئے
أَنشَأْ|V|PERF	پیدا کیا / اٹھایا
حَاقَ|V|PERF	گھیر لیا
وَهَبْ|V|PERF	ہم نے عطا کیا
تُجْزَ|V|IMPF	تم بدلہ دیے جاؤ گے
يَمْكُرُ|V|IMPF	چالیں چلتے ہیں
ٱعْمَلُ|V|IMPV	عمل کرو
مُسْرِفِينَ|N|ACT_PCPL	حد سے بڑھنے والے
مَآءَ|N|	پانی
تَوَلَّىٰ|V|PERF	منہ موڑ گیا
حَوْلَ|N|	آس پاس / ارد گرد
جِبَالِ|N|	پہاڑوں
زَادَ|V|PERF	زیادہ کیا / بڑھایا
عَصَ|V|PERF	نافرمانی کی
تَوَلَّيْ|V|PERF	منہ موڑ لیا
رَحْمَتُ|N|	رحمت
خَيْرَٰتِ|N|	نیکیاں / بھلائیاں
شَىْءٍ|N|	چیز
أَصْلَحَ|V|PERF	اصلاح کی
دَعَا|V|PERF	پکارا
قَضَيْ|V|PERF	فیصلہ کیا / پورا کیا
تَدْخُلُ|V|IMPF	داخل ہوجاؤ
رِّجَالِ|N|	مردوں
تَأْخُذُ|V|IMPF	لو / پکڑے
تُخْفُ|V|IMPF	چھپاتے ہو / چھپاؤ
أُنَبِّئُ|V|IMPF	میں خبر دیتا ہوں
يُؤْتِي|V|IMPF	دیتا ہے
تُرْحَمُ|V|IMPF	رحم کیے جاؤ
شَّٰكِرِينَ|N|ACT_PCPL	شکر کرنے والے / شکر گزار
أُمِّ|N|	ماں
يَهْدِيَ|V|IMPF	ہدایت دے
يُضِلَّ|V|IMPF	بھٹکا دے / گمراہ کرے
ضَرَبْ|V|PERF	بیان کیا / سفر کیا / مارا
يَأْخُذُ|V|IMPF	لیں / لیتے ہیں
هَٰرُونَ|N|PN	ہارون
أَلْقَىٰ|V|PERF	ڈالا
يَدَ|N|	ہاتھ
تَسْتَعْجِلُ|V|IMPF	جلدی مانگتے ہو
تُنذِرَ|V|IMPF	ڈراؤ / خبردار کرو
جِبَالَ|N|	پہاڑوں
كَشَفْ|V|PERF	ہٹا دیا
هَوَىٰ|N|	خواہش
ءَاخَرِينَ|N|	دوسرے
يَجْزِىَ|V|IMPF	بدلہ دے
دَعَ|V|PERF	پکارا
ءَالِهَتِ|N|	معبودوں / معبود
ذَنۢبِ|N|	گناہ
أَنۢبَتْ|V|PERF	ہم نے اگایا
عُيُونٍ|N|	چشموں / چشمے
مُرْسَلُونَ|N|PASS_PCPL	بھیجے ہوئے
سَّعِيرِ|N|	بھڑکتی ہوئی آگ
ٱشْتَرَ|V|PERF	خرید لیا / بیچ ڈالا
تَابَ|V|PERF	توبہ کی / مہربان ہوا
ظَلَمْ|V|PERF	ظلم کیا
تُوبُ|V|IMPV	توبہ کرو
رَفَعْ|V|PERF	ہم نے بلند کیا
ـَٰٔنَ|N|T	اب
قَتَلْ|V|PERF	قتل کیا
وَٰلِدَيْنِ|N|	والدین / ماں باپ
تُخْرِجُ|V|IMPF	نکالتے ہو / نکالو
إِيمَٰنُ|N|VN	ایمان
شَّيَٰطِينَ|N|PN	شیاطین
تَسْـَٔلُ|V|IMPF	سوال کرو / سوال کرتے ہو
إِيمَٰنَ|N|VN	ایمان
أَتَيْ|V|PERF	آیا / لایا
يَكْتُمُ|V|IMPF	چھپاتے ہیں
كُلٍّ|N|	ہر ایک
مَاتُ|V|PERF	مر گئے
أَمِن|V|PERF	بےخوف ہوگئے / بھروسہ کیا
ءَاتِ|V|IMPV	دے
بَيِّنَٰتُ|N|	روشن نشانیاں / کھلی دلیلیں
أُمُورُ|N|	معاملات / کام
بَلَغْ|V|PERF	پہنچیں / پہنچا
رُّسُلُ|N|	رسول
أْتِ|V|IMPV	لے آ / آ
ءَاتَ|V|PERF	دی / ادا کی
حَمَلْ|V|PERF	اٹھایا / سوار کیا
ذُنُوبَ|N|	گناہوں
يَمْسَسْ|V|IMPF	چھوئے / چھوا
يَنْهَ|V|IMPF	روکتے ہیں
يُسَٰرِعُ|V|IMPF	جلدی کرتے ہیں
يَدْعُو|V|IMPF	بلاتا ہے / پکارتا ہے
تَخَافُ|V|IMPF	تم ڈرتے ہو / ڈرو
أَرَدْ|V|PERF	ارادہ کیا / چاہا
أَلْقَ|V|PERF	ڈالا / ڈالے
تَذَرُ|V|IMPF	چھوڑ دو / چھوڑتے ہو
يَبْتَغُ|V|IMPF	چاہتے ہیں / تلاش کرتے ہیں
سُلَيْمَٰنَ|N|PN	سلیمان
ذُكِّرُ|V|PERF	نصیحت کیے گئے
أَصْبَحَ|V|PERF	ہوگیا
يَسْتَغْفِرُ|V|IMPF	بخشش مانگتے ہیں
يَسْتَكْبِرُ|V|IMPF	تکبر کرتے ہیں
لِقَآءِ|N|VN	ملاقات
ذَكِّرْ|V|IMPV	نصیحت کر
يَصِفُ|V|IMPF	بیان کرتے ہیں
يُنذِرَ|V|IMPF	خبردار کرے
ٱمْرَأَتَ|N|	بیوی
سَّحَرَةُ|N|ACT_PCPL	جادوگر
أَلْقُ|V|IMPV	ڈالو
يَسْتَـْٔذِنُ|V|IMPF	اجازت مانگتے ہیں
ٱفْتَرَىٰ|V|PERF	گھڑ لیا
ٱئْتُ|V|IMPV	لاؤ / آؤ
قُرُونِ|N|	قوموں / زمانوں
ٱرْجِعُ|V|IMPV	لوٹ جاؤ / لوٹا دو
يَسْتَعْجِلُ|V|IMPF	جلدی مانگتے ہیں
نَسِي|V|PERF	بھول گیا / بھلا دیا
أَضَلَّ|V|PERF	گمراہ کیا / بھٹکا دیا
شَّمْسُ|N|	سورج
أَمْثَٰلَ|N|	مثالیں
فَصْلِ|N|	فیصلہ
سَجَدُ|V|PERF	سجدہ کیا
عِجْلَ|N|	بچھڑا
ٱشْرَبُ|V|IMPV	پیو
يُعْلِنُ|V|IMPF	ظاہر کرتے ہیں
مَسَٰكِينِ|N|	مسکینوں
خَيْرٍ|N|	بھلائی / بہتر
كُفْرَ|N|	کفر
يَتْلُ|V|IMPF	پڑھتے ہیں / تلاوت کرتے ہیں
تَخْشَ|V|IMPF	ڈرو / ڈرتے ہو
تُقَٰتِلُ|V|IMPF	لڑو / لڑتے ہو
قَٰتَلُ|V|PERF	لڑے / جنگ کی
أَرَادُ|V|PERF	چاہا / ارادہ کیا
مَعْرُوفٍ|N|PASS_PCPL	بھلا طریقہ / دستور
تَمَسُّ|V|IMPF	ہاتھ لگاؤ / چھوؤ
ٱنصُرْ|V|IMPV	مدد کر
نَجْعَلَ|V|IMPF	ہم بنائیں
لَسْ|V|PERF	نہیں ہو / ہوں
إِحْدَىٰ|N|	ایک
حَىِّ|N|	زندہ
تَخْتَلِفُ|V|IMPF	اختلاف کرتے ہو
شَهِدُ|V|PERF	گواہی دی
تَصْبِرُ|V|IMPF	صبر کرو
قُتِلُ|V|PERF	قتل کیے گئے
تَحْسَبَ|V|IMPF	خیال کرو
أَحْسَنُ|V|PERF	نیکی کی
أَتَ|V|PERF	آئے / لائے
ٱصْبِرُ|V|IMPV	صبر کرو
سْـَٔلُ|V|IMPV	سوال کرو / پوچھو
وَجَد|V|PERF	پایا
يُذْهِبْ|V|IMPF	لے جائے
يَحْشُرُ|V|IMPF	اکٹھا کرے گا
نِعْمَتَ|N|	نعمت
ءَاثَٰرِ|N|	آثار / نقش قدم
يَبْلُوَ|V|IMPF	آزمائے
أَقْسَمُ|V|PERF	قسمیں کھائیں
فَتَحْ|V|PERF	ہم نے کھول دیے
لُوطًا|N|PN	لوط
قَدْرِ|N|	قدر / اندازہ
أَنشَأَ|V|PERF	پیدا کیا
يُصِيبُ|V|IMPF	پہنچتا ہے / پہنچاتا ہے
كَيْلَ|N|	ناپ / پیمانہ
سَّيِّئَةِ|N|	برائی
جَنَّةُ|N|PN	جنت
رِّيَٰحَ|N|	ہوائیں
يَأْخُذَ|V|IMPF	پکڑ لے / لے لے
دَارِ|N|	گھر
قُرَىٰٓ|N|	بستیاں
بَٰرَكْ|V|PERF	ہم نے برکت دی
يَمْشُ|V|IMPF	چلتے ہیں
وَلَّ|V|PERF	پھر گئے / مڑ گئے
أَعْيُنُ|N|	آنکھیں
أَوَّلُونَ|N|	پہلے / پہلے لوگ
نَجِّ|V|IMPV	نجات دے / بچا
خَلْفَ|N|	پیچھے
بُنَىَّ|N|	بیٹا
فَطَرَ|V|PERF	پیدا کیا
تَمَتَّعُ|V|IMPV	فائدہ اٹھاؤ
مَلِكُ|N|	بادشاہ
أُمَّهَٰتِ|N|	مائیں
صَرَّفْ|V|PERF	ہم نے پھیر پھیر کر بیان کیا
كَانَتْ|V|PERF	تھی / ہوگئی
ءَاتِي|V|IMPF	میں لاؤں گا
نُذُرِ|N|	ڈراوے / تنبیہ
أَنذَرْ|V|PERF	ڈرایا
تُفْسِدُ|V|IMPF	فساد کرو
يَظُنُّ|V|IMPF	گمان رکھتے ہیں / یقین رکھتے ہیں
خَطَٰيَٰ|N|	خطائیں
خَلْفَ|N|LOC	پیچھے
كَادُ|V|PERF	قریب تھے
عُدْوَٰنِ|N|	زیادتی
فَرِيقًا|N|	ایک گروہ
ٱسْمَعُ|V|IMPV	سنو
تُوَلُّ|V|IMPF	پھیر لو / رخ کرو
يُكَلِّمُ|V|IMPF	کلام کرتا ہے
أَرِ|V|IMPV	دکھا
إِلَٰهَ|N|	الٰہ / معبود
خَرَجْ|V|PERF	نکلا
ٱخْشَ|V|IMPV	ڈرو
أَصَٰبَتْ|V|PERF	پہنچی
أَصْلَحُ|V|PERF	اصلاح کی
مَالَ|N|	مال
صَدَقُ|V|PERF	سچ کہا
بُيُوتَ|N|	گھروں / گھر
تَعْتَدُ|V|IMPF	زیادتی کرو
قِ|V|IMPV	بچا
أَنفَقْ|V|PERF	خرچ کیا
تَنكِحُ|V|IMPF	نکاح کرو
يُؤَاخِذُ|V|IMPF	مواخذہ کرتا ہے / پکڑتا ہے
يَعِظُ|V|IMPF	نصیحت کرتا ہے
أَرَد|V|PERF	ارادہ کیا / چاہا
يَذَرُ|V|IMPF	چھوڑ دیتے ہیں
خَرَجُ|V|PERF	نکلے
قَتَلَ|V|PERF	قتل کیا
صَّدَقَٰتِ|N|	صدقات
تُبْ|V|PERF	توبہ کی
ٱرْحَمْ|V|IMPV	رحم کر / رحم فرما
حَرْثِ|N|	کھیتی
ٱنقَلَبُ|V|PERF	پلٹ آئے / لوٹے
يَحْزُن|V|IMPF	غمگین کرے
ـَٔامِنُ|V|IMPV	ایمان لاؤ
أُمُورِ|N|	کاموں / معاملات
يَصْلَ|V|IMPF	داخل ہوں گے / جھلسیں گے
يُجَٰدِلُ|V|IMPF	جھگڑتے ہیں
يَمْلِكُ|V|IMPF	مالک ہوں گے
تُبْصِرُ|V|IMPF	دیکھتے ہو
تَكْتُمُ|V|IMPF	چھپاتے ہو / چھپاؤ
يَشْكُرُ|V|IMPF	شکر ادا کرتے ہیں
يَبْغُ|V|IMPF	چاہتے ہیں / زیادتی کرتے ہیں
يُكَذِّبُ|V|IMPF	جھٹلاتے ہیں
تُرِيدُ|V|IMPF	چاہتے ہو
يَذْكُرُ|V|IMPF	یاد کرتے ہیں
يُسَبِّحُ|V|IMPF	تسبیح کرتے ہیں
يُفْسِدُ|V|IMPF	فساد کرتے ہیں
يَكْتُبُ|V|IMPF	لکھتے ہیں
تَشْهَدُ|V|IMPF	گواہی دیتے ہو
تُعَلِّمُ|V|IMPF	تم سکھاتے ہو
تَنصُرُ|V|IMPF	تم مدد کرتے ہو
ٱزْدَادُ|V|PERF	وہ بڑھ گئے
تَصُدُّ|V|IMPF	تم روکتے ہو
تَبْغُ|V|IMPF	تم تلاش کرتے ہو
تَسُؤْ|V|IMPF	بری لگے
تَطْمَئِنَّ|V|IMPF	مطمئن ہو جائیں
تَهِنُ|V|IMPF	تم ہمت ہارو
نُؤْتِ|V|IMPF	ہم دیں گے
قُتِلْ|V|PERF	قتل کیے گئے
يَنصُرْ|V|IMPF	وہ مدد کرے
يَحْسَبَ|V|IMPF	گمان کریں
يَبْخَلُ|V|IMPF	وہ بخل کرتے ہیں
نَكْتُبُ|V|IMPF	ہم لکھیں گے
أَبْرَارِ|N|	نیک لوگ
ٱسْتَجَابَ|V|PERF	اس نے قبول کیا
يَغُرَّ|V|IMPF	دھوکے میں ڈالے
وَٰلِدَانِ|N|	ماں باپ
أَقْرَبُونَ|N|	رشتہ دار
تَرَكُ|V|PERF	انہوں نے چھوڑا
مُحْصَنَٰتُ|N|PASS_PCPL	پاکدامن عورتیں
نَصِيبَ|N|	حصہ
نُدْخِلُ|V|IMPF	ہم داخل کریں گے
رُدُّ|V|IMPV	لوٹا دو
أُمِرُ|V|PERF	وہ حکم دیے گئے
نُؤْتِي|V|IMPF	ہم دیں گے
يَكَادُ|V|IMPF	وہ قریب ہوتے ہیں
يُهَاجِرُ|V|IMPF	وہ ہجرت کریں
مُؤْمِنٍ|N|ACT_PCPL	مومن
تَبَيَّنُ|V|IMPV	تحقیق کر لو
يُصَلُّ|V|IMPF	وہ نماز پڑھیں / درود بھیجیں
تَضَعُ|V|IMPF	رکھ دو / رکھ دے گی
يُغَيِّرُ|V|IMPF	وہ بدل دیں
قَتَلُ|V|PERF	انہوں نے قتل کیا
أَيُّوبَ|N|PN	ایوب
قَصَصْ|V|PERF	ہم نے بیان کیا
هَدْىَ|N|	قربانی کا جانور
رِضْوَٰنًا|N|	رضامندی
أَتْمَمْ|V|PERF	پورا کیا
يَعْفُوا۟|V|IMPF	معاف کرتا ہے
أُمَّ|N|	ماں
يُرِيَ|V|IMPF	وہ دکھائے
يَسْعَ|V|IMPF	وہ دوڑ دھوپ کرتے ہیں
أَرْجُلُ|N|	پاؤں
يُجَٰهِدُ|V|IMPF	وہ جہاد کریں گے
إِثْمَ|N|	گناہ
أَدْخَلْ|V|PERF	ہم نے داخل کیا
يَنتَهُ|V|IMPF	وہ باز آئیں
يَمَسَّ|V|IMPF	چھوئے گا
ٱرْتَبْ|V|PERF	تم شک میں پڑے
رُسُلٍ|N|	رسولوں
سَخِرُ|V|PERF	انہوں نے مذاق اڑایا
يُهْلِكُ|V|IMPF	ہلاک کرتے ہیں / کرتا ہے
يَحْزُنُ|V|IMPF	غمگین کرتا ہے
تَتَذَكَّرُ|V|IMPF	تم نصیحت پکڑتے ہو
فَرِيقَيْنِ|N|	دو گروہ
ٱجْتَبَيْ|V|PERF	چن لیا
قَدَرُ|V|PERF	انہوں نے قدر کی
عُلِّمْ|V|PERF	سکھائے گئے
تَسْتَكْبِرُ|V|IMPF	تم تکبر کرتے ہو
عَمَلَ|N|	عمل
نَذَرُ|V|IMPF	ہم چھوڑ دیتے ہیں
حَشَرْ|V|PERF	اکٹھا کیا
يَرْضَ|V|IMPF	پسند کریں / پسند کرے
يُنذِرُ|V|IMPF	وہ ڈراتے ہیں
جَزَيْ|V|PERF	بدلہ دیا
ذَاقُ|V|PERF	انہوں نے چکھا
نَرْزُقُ|V|IMPF	ہم رزق دیتے ہیں
صَدْرِ|N|	سینہ
نَسْـَٔلَ|V|IMPF	ہم سوال کریں گے
سَوْءَٰتِ|N|	شرمگاہیں
نَّٰصِحِينَ|N|ACT_PCPL	خیر خواہ
تُخْرَجُ|V|IMPF	تم نکالے جاؤ گے
رِّزْقِ|N|	رزق
أُبَلِّغُ|V|IMPF	میں پہنچاتا ہوں
عَجِبْ|V|PERF	تم نے تعجب کیا
تُجَٰدِلُ|V|IMPF	جھگڑتے ہو / جھگڑتی ہے
رِّجَالَ|N|	مرد
تَبْخَسُ|V|IMPF	تم کمی کرو
أَشْيَآءَ|N|	چیزیں
شُعَيْبُ|N|PN	شعیب
ٱفْتَرَيْ|V|PERF	گھڑ لیا
يَغْنَ|V|IMPF	وہ بسے
أَمِنَ|V|PERF	بےخوف ہوگئے
أُقَطِّعَ|V|IMPF	میں کاٹ دوں گا
عَدُوَّ|N|	دشمن
طَٰٓئِرُ|N|ACT_PCPL	شگون / فال
مِيقَٰتِ|N|	مقرر وقت
يُحِلُّ|V|IMPF	حلال کرتا ہے / کرتے ہیں
يُحَرِّمُ|V|IMPF	حرام کرتا ہے / کرتے ہیں
نَصَرُ|V|PERF	انہوں نے مدد کی
بَلَوْ|V|PERF	ہم نے آزمایا
يُخْلَقُ|V|IMPF	وہ پیدا کیے جاتے ہیں
يُذْهِبَ|V|IMPF	لے جائے
شَآقُّ|V|PERF	انہوں نے مخالفت کی
يَعُودُ|V|IMPF	وہ لوٹیں
سَبَقُ|V|PERF	وہ آگے بڑھ گئے
جَٰهَدَ|V|PERF	جہاد کیا / زور ڈالا
مَسَٰكِنُ|N|	گھر
مَسْجِدَ|N|	مسجد
يُظْهِرَ|V|IMPF	وہ غالب کر دے
جُنُوبُ|N|	پہلو
قَيِّمُ|N|	درست
زَادُ|V|PERF	انہوں نے زیادہ کیا
فِتْنَةَ|N|	فتنہ
خَلَٰقِ|N|	حصہ
يَظْلِمَ|V|IMPF	ظلم کرے
مَسَٰكِنَ|N|	گھر
يَلْقَ|V|IMPF	وہ ملیں گے
يَبْكُ|V|IMPF	وہ روئیں
نَبَّأَ|V|PERF	اس نے خبر دی
يَرَى|V|IMPF	دیکھے گا / دیکھتے ہیں
تُرَدُّ|V|IMPF	تم لوٹائے جاؤ گے
بُنْيَٰنَ|N|	عمارت
رَجَعُ|V|PERF	وہ لوٹے
مَّسَّ|V|PERF	پہنچا / چھوا
مَسَّتْ|V|PERF	پہنچی / چھو گئی
نُنَبِّئُ|V|IMPF	ہم بتائیں گے
نَتَوَفَّيَ|V|IMPF	ہم وفات دیں
سْـَٔلِ|V|IMPV	پوچھ
يَحِلُّ|V|IMPF	اترتا ہے / حلال ہوتا ہے
يَزِدْ|V|IMPF	زیادہ کرے
ضَيْفِ|N|	مہمان
عَٰلِيَ|N|ACT_PCPL	اوپر والا حصہ / اوپر
يُوَفِّيَ|V|IMPF	پورا پورا دے گا
تَطْغَ|V|IMPF	تم سرکشی کرو
تُنصَرُ|V|IMPF	تم مدد دیے جاؤ گے
أَحَادِيثِ|N|	باتیں
نَتَّخِذَ|V|IMPF	ہم بنا لیں
رَٰوَد|V|PERF	پھسلانا چاہا
خَرُّ|V|PERF	وہ گر پڑے
ظِلَٰلُ|N|	سائے
يَذْهَبُ|V|IMPF	چلا جاتا ہے / چلے جائیں
يُوفُ|V|IMPF	وہ پورا کرتے ہیں
سَّيِّئَةَ|N|	برائی
يَهْدِىٓ|V|IMPF	ہدایت دیتا ہے
أَمْلَيْ|V|PERF	میں نے ڈھیل دی
أَوْحَىٰٓ|V|PERF	وحی کی
أَخْلَفْ|V|PERF	خلاف کیا
تَجْرِىَ|V|IMPF	چلیں
يُؤَخِّرُ|V|IMPF	وہ ڈھیل دیتا ہے
يَتَمَتَّعُ|V|IMPF	وہ فائدہ اٹھائیں
تُسِرُّ|V|IMPF	تم چھپاتے ہو
تُعْلِنُ|V|IMPF	تم ظاہر کرتے ہو
ظُلِمُ|V|PERF	وہ ظلم کیے گئے
أَلْسِنَتُ|N|	زبانیں
بَصَرِ|N|	نگاہ
مَتَٰعًا|N|	سامان / فائدہ
زِدْ|V|PERF	ہم نے زیادہ کیا
قَرَأْ|V|PERF	پڑھا
تَعْلُ|V|IMPF	تم سرکشی کرو گے
رَدَدْ|V|PERF	ہم نے لوٹایا
سَعْيَ|N|	کوشش
سَعْيُ|N|	کوشش
مِسْكِينَ|N|	مسکین
بَصَرَ|N|	نگاہ
أَرَيْ|V|PERF	ہم نے دکھایا
تَمْلِكُ|V|IMPF	مالک ہو / مالک ہے
يَخِرُّ|V|IMPF	وہ گر پڑتے ہیں
فَجَّرْ|V|PERF	ہم نے پھاڑ دیا
قَرْنَيْنِ|N|	قرنین / دو سینگ
كَانَتِ|V|PERF	تھی
خَرَجَ|V|PERF	نکلا
مِ|V|PERF	مر گیا / مر گئے
أَبْصِرْ|V|IMPV	دیکھ / کیا خوب دیکھنے والا
قُولَ|V|IMPV	کہو
سَلَكَ|V|PERF	چلایا / لے گیا
غَشِيَ|V|PERF	ڈھانپ لیا
مَسَٰكِنِ|N|	گھر
ثَمُودُ|N|PN	ثمود
تُكَلِّمُ|V|IMPF	کلام کرو / کلام کرے گی
يَرْمُ|V|IMPF	وہ تہمت لگاتے ہیں
فُرُوجَ|N|	شرمگاہیں
بُعُولَتِ|N|	شوہر
أَخَوَٰتِ|N|	بہنیں
يَغْشَىٰ|V|IMPF	ڈھانپ لیتا ہے
يَضَعْ|V|IMPF	وہ رکھ دیں
ثَمُودَا۟|N|PN	ثمود
مَرُّ|V|PERF	وہ گزرے
قَلْبٍ|N|	دل
جَحِيمُ|N|	جہنم
صَدَّ|V|PERF	روکا
تَفْرَحُ|V|IMPF	تم خوش ہوتے ہو
شِيعَتِ|N|	گروہ
أَمْثَٰلُ|N|	مثالیں
نَضْرِبُ|V|IMPF	ہم بیان کرتے ہیں / ہٹا لیں
أَحَدٍ|N|	کسی ایک
زَوَّجْ|V|PERF	ہم نے بیاہ دیا
صَدَّقَ|V|PERF	تصدیق کی
أَيْدِى|N|	ہاتھ
صِّدْقِ|N|	سچ / سچائی
تُدْعَ|V|IMPF	تم بلائے جاتے ہو
بَنَيْ|V|PERF	ہم نے بنایا
وَٰقِعٌ|N|ACT_PCPL	واقع ہونے والا
ذَّكَرَ|N|	نر / مرد
جَحِيمَ|N|	جہنم
مِسْكِينِ|N|	مسکین
أَبْرَارَ|N|	نیک لوگ
قَارِعَةُ|N|	کھڑکھڑانے والی
ٱهْدِ|V|IMPV	ہدایت دے
تُنذِرْ|V|IMPF	تم ڈراؤ
يَكْذِبُ|V|IMPF	وہ جھوٹ بولتے ہیں
أَحْيَٰ|V|PERF	اس نے زندہ کیا
زَوْجُ|N|	جوڑا / بیوی
كُلَ|V|IMPV	تم دونوں کھاؤ
رَّٰكِعِينَ|N|ACT_PCPL	رکوع کرنے والے
خَٰشِعِينَ|N|ACT_PCPL	خشوع کرنے والے
يُذَبِّحُ|V|IMPF	وہ ذبح کرتے تھے
فَرَقْ|V|PERF	ہم نے پھاڑا / الگ کیا
نَزِيدُ|V|IMPF	ہم زیادہ دیں گے
ٱفْعَلُ|V|IMPV	کرو
إِخْرَاجُ|N|VN	نکالنا
يُرَدُّ|V|IMPF	وہ لوٹائے جائیں گے
عَرَفُ|V|PERF	انہوں نے پہچان لیا
عَلِمُ|V|PERF	انہوں نے جان لیا
ٱشْتَرَىٰ|V|PERF	اس نے خریدا
شَرَ|V|PERF	انہوں نے بیچا
مَشْرِقُ|N|	مشرق
أَتَمَّ|V|PERF	اس نے پورا کیا
عَهِدْ|V|PERF	ہم نے عہد لیا
طَّآئِفِينَ|N|ACT_PCPL	طواف کرنے والے
رُّكَّعِ|N|ACT_PCPL	رکوع کرنے والے
وَلُّ|V|IMPV	پھیر لو
قِبْلَتَ|N|	قبلہ
ٱسْتَبِقُ|V|IMPV	سبقت کرو
رِّيَٰحِ|N|	ہوائیں
بَأْسِ|N|	سختی / لڑائی
يُبَدِّلُ|V|IMPF	وہ بدل دیتے ہیں
عِدَّةٌ|N|	گنتی
أَخْرَجُ|V|PERF	انہوں نے نکالا
تُلْقُ|V|IMPF	تم ڈالو
هَدْىِ|N|	قربانی کا جانور
رَّأْسِ|N|	سر
أَفَضْ|V|PERF	تم لوٹے / پڑ گئے
أَفِيضُ|V|IMPV	لوٹو
خِصَامِ|N|	جھگڑا
مَّسَّتْ|V|PERF	پہنچی
ضَّرَّآءُ|N|	تکلیف
زُلْزِلُ|V|PERF	وہ ہلا دیے گئے
يَزَالُ|V|IMPF	وہ باز آئیں گے
نَّفْعِ|N|	نفع
يُؤْمِ|V|IMPF	وہ ایمان لائیں
أَعْجَبَتْ|V|PERF	اچھی لگی
قَدِّمُ|V|IMPV	آگے بھیجو
تُصْلِحُ|V|IMPF	تم اصلاح کرو
يَتَرَبَّصْ|V|IMPF	وہ انتظار کریں
تُمْسِكُ|V|IMPF	تم روکے رکھو
يُتَوَفَّ|V|IMPF	وہ فوت کیے جاتے ہیں
نِّكَاحِ|N|	نکاح
قَدَرُ|N|	اندازہ / وسعت
مُوتُ|V|IMPV	مر جاؤ
يُضَٰعِفَ|V|IMPF	وہ دوگنا کرے
أُخْرِجْ|V|PERF	نکالے گئے
نَهَرٍ|N|	نہر
جَالُوتَ|N|PN	جالوت
ثَبِّتْ|V|IMPV	جما دے
ٱقْتَتَلُ|V|PERF	وہ باہم لڑے
أَمَاتَ|V|PERF	موت دی
طَعَامِ|N|	کھانا
حِمَارِ|N|	گدھا
يُصِبْ|V|IMPF	پہنچے
بَيْعَ|N|	تجارت
تَظْلِمُ|V|IMPF	تم ظلم کرو گے
تَكْتُبُ|V|IMPF	تم لکھو
شَّهَٰدَةَ|N|	گواہی
قَلْبُ|N|	دل
ٱبْتِغَآءَ|N|VN	تلاش کرنا
تَأْوِيلَ|N|VN	تاویل / انجام
مِّثْلَيْ|N|	دوگنا
خَيْرُ|N|	بھلائی
وَضَعْ|V|PERF	جنم دیا / اتار دیا
ذَّكَرُ|N|	لڑکا / مرد
أَنۢبَتَ|V|PERF	اگایا
كَلِمَةٍ|N|	کلمہ
ءَايَتُ|N|	نشانی
مُصَدِّقًا|N|ACT_PCPL	تصدیق کرنے والا
ٱشْهَدْ|V|IMPV	گواہ رہ
حَآجَّ|V|PERF	جھگڑا کیا
تَأْمَنْ|V|IMPF	تو امانت دے
ٱتَّقَىٰ|V|PERF	تقویٰ اختیار کیا
أَلْسِنَتَ|N|	زبانیں
تَنَالُ|V|IMPF	پہنچو / پالیں
ٱعْتَصِمُ|V|IMPV	مضبوطی سے پکڑو
أَصْبَحْ|V|PERF	تم ہو گئے
تَكُن|V|IMPF	ہو
أَدْبَارَ|N|	پیٹھیں
تَمْسَسْ|V|IMPF	پہنچے
يُمْدِدْ|V|IMPF	مدد کرے
عَرْضُ|N|	چوڑائی
ذَكَرُ|V|PERF	انہوں نے یاد کیا
ٱسْتَغْفَرُ|V|PERF	انہوں نے بخشش مانگی
ذُّنُوبَ|N|	گناہ
يُصِرُّ|V|IMPF	وہ اصرار کرتے ہیں
ٱنقَلَبْ|V|PERF	تم پلٹ گئے
تَنقَلِبُ|V|IMPF	تم پلٹ جاؤ
نُلْقِى|V|IMPF	ہم ڈالیں گے
أَرَىٰ|V|PERF	اس نے دکھایا
هُونِ|N|	ذلت / رسوائی
لَبِثَ|V|PERF	ٹھہرا
ٱسْتَمْسِكْ|V|IMPV	مضبوط تھام لے
يُعْبَدُ|V|IMPF	عبادت کیے جاتے ہیں
يَصِدُّ|V|IMPF	شور مچاتے ہیں
أَٰلِهَتُ|N|	معبود
أُبَيِّنَ|V|IMPF	میں بیان کروں
مَٰلِكُ|N|PN	مالک
يَقْضِ|V|IMPF	فیصلہ کردے
قِيلِ|N|	قول
دُخَانٍ|N|	دھواں
ٱتْرُكِ|V|IMPV	چھوڑ دے
صُبُّ|V|IMPV	انڈیلو
يُغْنُ|V|IMPF	کام آئیں گے
يُخْرَجُ|V|IMPF	نکالے جاتے ہیں
تَعِدَ|V|IMPF	تم دونوں وعدہ کرتے ہو
قُرُونُ|N|	قومیں
أَذْهَبْ|V|PERF	تم لے گئے
تَأْفِكَ|V|IMPF	پھیر دے
ٱسْتَعْجَلْ|V|PERF	تم نے جلدی مچائی
أَفْـِٔدَةً|N|	دل
صَرَفْ|V|PERF	ہم نے پھیر دیا
حَضَرُ|V|PERF	وہ حاضر ہوئے
عَزْمِ|N|	ہمت
ضَرْبَ|N|	مارنا
أَثْخَن|V|PERF	تم نے خوب خون بہا دیا
شُدُّ|V|IMPV	مضبوط کرو
ٱنتَصَرَ|V|PERF	بدلہ لے لیتا
يَبْلُوَا۟|V|IMPF	آزمائے
أَخْرَجَتْ|V|PERF	اس نے نکالا
سُقُ|V|PERF	پلائے گئے
قَطَّعَ|V|PERF	کاٹ ڈالا
ذُكِرَ|V|PERF	ذکر کیا گیا
تُقَطِّعُ|V|IMPF	تم کاٹو
أَعْمَىٰٓ|V|PERF	اندھا کر دیا
ٱرْتَدُّ|V|PERF	وہ پھر گئے
أَمْلَىٰ|V|PERF	ڈھیل دی
إِسْرَارَ|N|VN	چھپانا
عَرَفْ|V|PERF	تو نے پہچان لیا
نَبْلُوَا۟|V|IMPF	ہم آزمائیں
تَبْخَلُ|V|IMPF	تم بخل کرو
ٱنطَلَقْ|V|PERF	تم چلے
نَتَّبِعْ|V|IMPF	ہم پیروی کریں
تَحْسُدُ|V|IMPF	تم حسد کرتے ہو
يُسْلِمُ|V|IMPF	وہ مطیع ہو جائیں گے
مَغَانِمَ|N|	غنیمتیں
تَرْفَعُ|V|IMPF	تم بلند کرو
تَجْهَرُ|V|IMPF	تم بلند کرو
أَخَوَيْ|N|	دو بھائی
يَكُ|V|IMPF	ہوں
فُسُوقُ|N|	گناہ
يَمُنُّ|V|IMPF	وہ احسان جتاتے ہیں
خُرُوجُ|N|	نکلنا
عَيِي|V|PERF	ہم تھک گئے
غِطَآءَ|N|	پردہ
جَبَّارٍ|N|	زبردستی کرنے والا
جَٰرِيَٰتِ|N|ACT_PCPL	چلنے والیاں
صَادِقٌ|N|ACT_PCPL	سچا
بَشَّرُ|V|PERF	انہوں نے خوشخبری دی
أَقْبَلَتِ|V|PERF	آگے بڑھی
رُكْنِ|N|	سہارا
رَّمِيمِ|N|	بوسیدہ
فِرُّ|V|IMPV	دوڑو
إِنسَ|N|	انسان
سَّقْفِ|N|	چھت
يُدَعُّ|V|IMPF	دھکے دیے جائیں گے
نَعِيمٍ|N|	نعمت
ٱتَّبَعَتْ|V|PERF	پیروی کی
إِيمَٰنٍ|N|VN	ایمان
نَدْعُو|V|IMPF	ہم پکارتے ہیں
بَرُّ|N|	محسن
كَاهِنٍ|N|	کاہن
أَحْلَٰمُ|N|	عقلیں
خُلِقُ|V|PERF	پیدا کیے گئے
مُسْتَمِعُ|N|ACT_PCPL	سننے والا
قُوَىٰ|N|	قوتیں
يَرْضَىٰٓ|V|IMPF	راضی ہو
يُسَمُّ|V|IMPF	نام رکھتے ہیں
تُزَكُّ|V|IMPF	تم پاک ٹھہراؤ
يُجْزَىٰ|V|IMPF	بدلہ دیا جائے
أَوْفَىٰ|N|	پورا پورا
تَبْكُ|V|IMPF	تم روتے ہو
ٱنشَقَّ|V|PERF	پھٹ گیا
يُعْرِضُ|V|IMPF	منہ موڑ لیتے ہیں
ٱلْتَقَى|V|PERF	مل گیا
نَّتَّبِعُ|V|IMPF	ہم پیروی کریں
ءُلْقِىَ|V|PERF	ڈالا گیا
نَّجَّيْ|V|PERF	ہم نے بچا لیا
تَمَارَ|V|PERF	وہ جھگڑے
رَٰوَدُ|V|PERF	انہوں نے پھسلایا
يَسْجُدَ|V|IMPF	دونوں سجدہ کرتے ہیں
نَّخْلُ|N|	کھجور کے درخت
عَصْفِ|N|	بھوسا
مَغْرِبَيْنِ|N|	دو مغرب
يَلْتَقِيَ|V|IMPF	دونوں ملتے ہیں
يَبْغِيَ|V|IMPF	دونوں زیادتی کرتے ہیں
تَنتَصِرَ|V|IMPF	تم دونوں مقابلہ کرو گے
تَجْرِيَ|V|IMPF	دونوں بہتے ہیں
بَطَآئِنُ|N|	استر
إِحْسَٰنُ|N|VN	احسان
نَخْلٌ|N|	کھجور کے درخت
مَجْمُوعُونَ|N|PASS_PCPL	جمع کیے جانے والے
نُزُلُ|N|	مہمانی
تُصَدِّقُ|V|IMPF	تم تصدیق کرتے ہو
تُمْنُ|V|IMPF	تم ٹپکاتے ہو
نُنشِئَ|V|IMPF	ہم پیدا کریں
رَوْحٌ|N|	راحت
نُزُلٌ|N|	مہمانی
أَوَّلُ|N|	سب سے پہلا
ظَّٰهِرُ|N|ACT_PCPL	ظاہر
ضُرِبَ|V|PERF	کھڑا کر دیا گیا
ظَٰهِرُ|N|ACT_PCPL	باہر
تَرَبَّصْ|V|PERF	تم نے انتظار کیا
أَمَانِىُّ|N|	آرزوئیں
أَمَدُ|N|	مدت
أَقْرَضُ|V|PERF	انہوں نے قرض دیا
عَرْضِ|N|	چوڑائی
ـَٔاتَيْ|V|PERF	ہم نے دیا
وَلَدْ|V|PERF	انہوں نے جنا
تُوعَظُ|V|IMPF	تم نصیحت کیے جاتے ہو
يَحْزُنَ|V|IMPF	غمگین کرے
ٱفْسَحُ|V|IMPV	کشادگی کرو
أَغْلِبَ|V|IMPF	میں غالب آؤں گا
يُوَآدُّ|V|IMPF	محبت رکھتے ہیں
أُصُولِ|N|	جڑیں
أَغْنِيَآءِ|N|	مالدار
نَهَىٰ|V|IMPF	روکتا ہے
تَبَوَّ|V|IMPV	ٹھکانا بنایا
نَخْرُجَ|V|IMPF	ہم نکلیں
قُوتِلْ|V|PERF	تم سے جنگ کی گئی
نَنصُرَ|V|IMPF	ہم مدد کریں
قُوتِلُ|V|PERF	ان سے جنگ کی گئی
نَّصَرُ|V|PERF	انہوں نے مدد کی
تَنظُرْ|V|IMPF	دیکھے
مُؤْمِنُ|N|ACT_PCPL	امن دینے والا
مُتَكَبِّرُ|N|ACT_PCPL	بڑائی والا
أَخْفَيْ|V|PERF	تم نے چھپایا
أَسْتَغْفِرَ|V|IMPF	میں بخشش مانگوں
أَنَبْ|V|PERF	ہم نے رجوع کیا
ٱمْتَحِنُ|V|IMPV	جانچ لو
يُشْرِكْ|V|IMPF	وہ شریک ٹھہرائیں
يَسْرِقْ|V|IMPF	وہ چوری کریں
يَقْتُلْ|V|IMPF	وہ قتل کریں
يَعْصِي|V|IMPF	وہ نافرمانی کریں
تَّعْلَمُ|V|IMPF	تم جانتے ہو
زَاغُ|V|PERF	وہ ٹیڑھے ہو گئے
تُنجِي|V|IMPF	نجات دے
حُمِّلُ|V|PERF	اٹھوائے گئے
تَفِرُّ|V|IMPF	تم بھاگتے ہو
ٱسْعَ|V|IMPV	دوڑو
تُعْجِبُ|V|IMPF	اچھے لگتے ہیں
سْتَغْفَرْ|V|PERF	تو نے بخشش مانگی
رَّجَعْ|V|PERF	ہم لوٹے
أَصَّدَّقَ|V|IMPF	میں صدقہ کروں
ٱسْتَغْنَى|V|PERF	بے پروا ہو گیا
تُنَبَّؤُ|V|IMPF	تم بتائے جاؤ گے
عَمِلْ|V|PERF	تم نے عمل کیا
تَغْفِرُ|V|IMPF	تم بخش دو
تُقْرِضُ|V|IMPF	تم قرض دو
يَخْرُجْ|V|IMPF	وہ نکلیں
يَئِسْ|V|PERF	مایوس ہو گئیں
أُو۟لَٰتُ|N|	والیاں
أَسْكِنُ|V|IMPV	بساؤ
تُضَآرُّ|V|IMPF	تم ضرر پہنچاؤ
تُرْضِعُ|V|IMPF	دودھ پلائے گی
حَاسَبْ|V|PERF	ہم نے حساب لیا
ذَاقَتْ|V|PERF	اس نے چکھا
أَظْهَرَ|V|PERF	ظاہر کر دیا
تَتُوبَ|V|IMPF	تم دونوں توبہ کرو
قُ|V|IMPV	بچاؤ
يَعْصُ|V|IMPF	وہ نافرمانی کرتے ہیں
ٱدْخُلَ|V|IMPV	تم دونوں داخل ہو جاؤ
صَدَّقَتْ|V|PERF	تصدیق کی
أَسِرُّ|V|IMPV	چھپاؤ
ٱجْهَرُ|V|IMPV	بلند آواز سے کہو
نَذِيرِ|N|	ڈرانا
يَقْبِضْ|V|IMPF	سمیٹ لیتے ہیں
نُفُورٍ|N|	بدکنا
يُدْهِنُ|V|IMPF	وہ مداہنت کریں
جَنَّةِ|N|	باغ
طَافَ|V|PERF	پھر گیا
أَصْبَحَتْ|V|PERF	ہو گیا
ٱنطَلَقُ|V|PERF	وہ چل دیے
أَوْسَطُ|N|	بہتر / درمیانہ
تَدَٰرَكَ|V|PERF	آ پہنچا
نُبِذَ|V|PERF	پھینک دیا جاتا
خَاطِئَةِ|N|ACT_PCPL	خطا
جَارِيَةِ|N|ACT_PCPL	کشتی
حُمِلَتِ|V|PERF	اٹھائی گئی
دُكَّ|V|PERF	دونوں ریزہ ریزہ کر دیے گئے
ٱنشَقَّتِ|V|PERF	پھٹ گئی
تُعْرَضُ|V|IMPF	تم پیش کیے جاؤ گے
أَسْلَفْ|V|PERF	تم نے آگے بھیجا
أَيَّامِ|N|	دن
سُلْطَٰنِ|N|	اقتدار
غُلُّ|V|IMPV	طوق پہناؤ
ذَرْعُ|N|	پیمائش
ٱسْلُكُ|V|IMPV	داخل کرو
تُـْٔوِي|V|IMPF	پناہ دیتی ہے
يُنجِي|V|IMPF	وہ بچا لے
شَهَٰدَٰتِ|N|	گواہیاں
مَغَٰرِبِ|N|	مغربوں
يُؤَخِّرْ|V|IMPF	مہلت دے گا
أَصَرُّ|V|PERF	انہوں نے اصرار کیا
أَسْرَرْ|V|PERF	میں نے چپکے سے کہا
تَسْلُكُ|V|IMPF	تم چلو
أُدْخِلُ|V|PERF	داخل کیے گئے
يَلِدُ|V|IMPF	وہ جنیں گے
يَعُوذُ|V|IMPF	وہ پناہ مانگتے ہیں
رِجَالٍ|N|	مرد
ءَانَ|N|T	اب
شَرٌّ|N|	برائی
يَسْلُكْ|V|IMPF	داخل کرے گا
مَسَٰجِدَ|N|	مسجدیں
أَقَلُّ|N|	کم تر
جَحِيمًا|N|	بھڑکتی آگ
طَعَامًا|N|	کھانا
ثُلُثَ|N|T	تہائی
أَقْرِضُ|V|IMPV	قرض دو
أَعْظَمَ|N|	زیادہ بڑا
قُتِلَ|V|PERF	مارا گیا
عِدَّتَ|N|	گنتی
يَزْدَادَ|V|IMPF	بڑھ جائے
إِحْدَى|N|	ایک
بَنَانَ|N|	پور پور
يَفْجُرَ|V|IMPF	گناہ کرتا رہے
أَخَّرَ|V|PERF	پیچھے چھوڑا
تَعْجَلَ|V|IMPF	تو جلدی کرے
نَّبْتَلِي|V|IMPF	ہم آزمائیں
سَعِيرًا|N|	بھڑکتی ہوئی آگ
يُفَجِّرُ|V|IMPF	وہ بہائیں گے
نَّذْرِ|N|	نذر
شَرُّ|N|	شر
جَزَىٰ|V|PERF	اس نے بدلہ دیا
حَرِيرًا|N|	ریشم
ـَٔانِيَةٍ|N|ACT_PCPL	برتن
قَدَّرُ|V|PERF	انہوں نے اندازہ کیا
مُلْكًا|N|	بادشاہت
عَٰصِفَٰتِ|N|ACT_PCPL	تیز چلنے والیاں
نُتْبِعُ|V|IMPF	ہم پیچھے لاتے ہیں
قَدَرْ|V|PERF	ہم نے اندازہ مقرر کیا
أَمْوَٰتًا|N|	مردے
لَّهَبِ|N|	شعلہ
قَصْرِ|N|	محل
مَّ|N|INTG	کیا
نَّبَإِ|N|	خبر
نَبَاتًا|N|	سبزہ
فُتِحَتِ|V|PERF	کھول دیا گیا
سُيِّرَتِ|V|PERF	چلائے گئے
نَّزِيدَ|V|IMPF	ہم بڑھائیں
أَعْنَٰبًا|N|	انگور
يَتَكَلَّمُ|V|IMPF	وہ بات کریں گے
تَتْبَعُ|V|IMPF	پیچھے آئے گی
مَرْدُودُونَ|N|PASS_PCPL	پھیرے جانے والے
أَهْدِيَ|V|IMPF	میں رہنمائی کروں
حَشَرَ|V|PERF	اکٹھا کیا
نَهَى|V|PERF	روکا
صَبَبْ|V|PERF	ہم نے انڈیلا
شَقَقْ|V|PERF	ہم نے پھاڑا
عِنَبًا|N|	انگور
نَخْلًا|N|	کھجور
نُّفُوسُ|N|	جانیں
أَيْنَ|N|INTG	کہاں
كَوَاكِبُ|N|	ستارے
أَخَّرَتْ|V|PERF	پیچھے چھوڑا
عَدَلَ|V|PERF	برابر کیا
ٱكْتَالُ|V|PERF	انہوں نے ناپ کر لیا
أُرْسِلُ|V|PERF	بھیجے گئے
أَلْقَتْ|V|PERF	باہر پھینک دیا
مَشْهُودٍ|N|PASS_PCPL	حاضر کیا ہوا
غَٰشِيَةِ|N|ACT_PCPL	ڈھانپ لینے والی
أَكْبَرَ|N|	سب سے بڑا
لَيَالٍ|N|	راتیں
صَبَّ|V|PERF	انڈیلا
قَدَرَ|V|PERF	تنگ کیا
أَهَٰنَ|V|PERF	رسوا کیا
نَّفْسُ|N|	نفس
لِسَانًا|N|	زبان
تَلَىٰ|V|PERF	پیچھے آیا
زَكَّىٰ|V|PERF	پاک کیا
ٱسْتَغْنَىٰ|V|PERF	بےپروائی برتی
يُعْطِي|V|IMPF	عطا کرے گا
تَرْضَىٰٓ|V|IMPF	تو راضی ہو جائے گا
أَغْنَىٰ|V|PERF	غنی کر دیا
سَّآئِلَ|N|ACT_PCPL	سوال کرنے والا
حَدِّثْ|V|IMPV	بیان کر
ٱنصَبْ|V|IMPV	محنت کر
ٱرْغَب|V|IMPV	رغبت کر
أَمِينِ|N|	امن والا
يَطْغَىٰٓ|V|IMPF	سرکشی کرتا ہے
ٱقْتَرِب|V|IMPV	قریب ہو جا
زِلْزَالَ|N|	زلزلہ
أَخْرَجَتِ|V|PERF	نکال دیا
يُرَ|V|IMPF	دکھائے جائیں
أَثَرْ|V|PERF	اڑایا
أَخْلَدَ|V|PERF	ہمیشہ رکھے گا
يُنۢبَذَ|V|IMPF	پھینکا جائے گا
عَصْفٍ|N|	بھوسا
يَمْنَعُ|V|IMPF	روکتے ہیں
أَعْطَيْ|V|PERF	ہم نے عطا کیا
عَبَد|V|PERF	تم نے عبادت کی
تَبَّ|V|PERF	ہلاک ہوا
عُقَدِ|N|	گرہیں
حُجَّتَ|N|	حجت
فُسُوقَ|N|	گناہ
وَزْنَ|N|	وزن
جَبَّارُ|N|	زبردست
قَارِعَةِ|N|	کھڑکا دینے والی
تَّذْكِرَةِ|N|VN	نصیحت
مِرْصَادِ|N|	گھات
